deck_type,nickname,guid,num_contained,description,face_url,back_url
DeckCustom,,4a816b,63,,https://steamusercontent-a.akamaihd.net/ugc/17541927520195381536/E18A48CD6C516DDFB5A36A9EBEFFA9479AAC3D86/,https://steamusercontent-a.akamaihd.net/ugc/13257287814674214894/A8B620529EAB9437DCF00B895F3368FF0AB2FBD6/
DeckCustom [子卡],,,,,https://steamusercontent-a.akamaihd.net/ugc/17541927520195381536/E18A48CD6C516DDFB5A36A9EBEFFA9479AAC3D86/,
DeckCustom [子卡],,,,,https://steamusercontent-a.akamaihd.net/ugc/17541927520195381536/E18A48CD6C516DDFB5A36A9EBEFFA9479AAC3D86/,
DeckCustom [子卡],,,,,https://steamusercontent-a.akamaihd.net/ugc/17541927520195381536/E18A48CD6C516DDFB5A36A9EBEFFA9479AAC3D86/,
DeckCustom [子卡],,,,,https://steamusercontent-a.akamaihd.net/ugc/17541927520195381536/E18A48CD6C516DDFB5A36A9EBEFFA9479AAC3D86/,
DeckCustom [子卡],,,,,https://steamusercontent-a.akamaihd.net/ugc/17541927520195381536/E18A48CD6C516DDFB5A36A9EBEFFA9479AAC3D86/,
DeckCustom [子卡],,,,,https://steamusercontent-a.akamaihd.net/ugc/17541927520195381536/E18A48CD6C516DDFB5A36A9EBEFFA9479AAC3D86/,
DeckCustom [子卡],,,,,https://steamusercontent-a.akamaihd.net/ugc/17541927520195381536/E18A48CD6C516DDFB5A36A9EBEFFA9479AAC3D86/,
DeckCustom [子卡],,,,,https://steamusercontent-a.akamaihd.net/ugc/17541927520195381536/E18A48CD6C516DDFB5A36A9EBEFFA9479AAC3D86/,
DeckCustom [子卡],,,,,https://steamusercontent-a.akamaihd.net/ugc/17541927520195381536/E18A48CD6C516DDFB5A36A9EBEFFA9479AAC3D86/,
DeckCustom [子卡],,,,,https://steamusercontent-a.akamaihd.net/ugc/17541927520195381536/E18A48CD6C516DDFB5A36A9EBEFFA9479AAC3D86/,
DeckCustom [子卡],,,,,https://steamusercontent-a.akamaihd.net/ugc/17541927520195381536/E18A48CD6C516DDFB5A36A9EBEFFA9479AAC3D86/,
DeckCustom [子卡],,,,,https://steamusercontent-a.akamaihd.net/ugc/17541927520195381536/E18A48CD6C516DDFB5A36A9EBEFFA9479AAC3D86/,
DeckCustom [子卡],,,,,https://steamusercontent-a.akamaihd.net/ugc/17541927520195381536/E18A48CD6C516DDFB5A36A9EBEFFA9479AAC3D86/,
DeckCustom [子卡],,,,,https://steamusercontent-a.akamaihd.net/ugc/17541927520195381536/E18A48CD6C516DDFB5A36A9EBEFFA9479AAC3D86/,
DeckCustom [子卡],,,,,https://steamusercontent-a.akamaihd.net/ugc/17541927520195381536/E18A48CD6C516DDFB5A36A9EBEFFA9479AAC3D86/,
DeckCustom [子卡],,,,,https://steamusercontent-a.akamaihd.net/ugc/17541927520195381536/E18A48CD6C516DDFB5A36A9EBEFFA9479AAC3D86/,
DeckCustom [子卡],,,,,https://steamusercontent-a.akamaihd.net/ugc/17541927520195381536/E18A48CD6C516DDFB5A36A9EBEFFA9479AAC3D86/,
DeckCustom [子卡],,,,,https://steamusercontent-a.akamaihd.net/ugc/17541927520195381536/E18A48CD6C516DDFB5A36A9EBEFFA9479AAC3D86/,
DeckCustom [子卡],,,,,https://steamusercontent-a.akamaihd.net/ugc/17541927520195381536/E18A48CD6C516DDFB5A36A9EBEFFA9479AAC3D86/,
DeckCustom [子卡],,,,,https://steamusercontent-a.akamaihd.net/ugc/17541927520195381536/E18A48CD6C516DDFB5A36A9EBEFFA9479AAC3D86/,
DeckCustom [子卡],,,,,https://steamusercontent-a.akamaihd.net/ugc/17541927520195381536/E18A48CD6C516DDFB5A36A9EBEFFA9479AAC3D86/,
DeckCustom [子卡],,,,,https://steamusercontent-a.akamaihd.net/ugc/17541927520195381536/E18A48CD6C516DDFB5A36A9EBEFFA9479AAC3D86/,
DeckCustom [子卡],,,,,,
DeckCustom [子卡],,,,,,
DeckCustom [子卡],,,,,,
DeckCustom [子卡],,,,,,
DeckCustom [子卡],,,,,,
DeckCustom [子卡],,,,,,
DeckCustom [子卡],,,,,,
DeckCustom [子卡],,,,,,
DeckCustom [子卡],,,,,,
DeckCustom [子卡],,,,,,
DeckCustom [子卡],,,,,,
DeckCustom [子卡],,,,,,
DeckCustom [子卡],,,,,,
DeckCustom [子卡],,,,,,
DeckCustom [子卡],,,,,,
DeckCustom [子卡],,,,,,
DeckCustom [子卡],,,,,,
DeckCustom [子卡],,,,,,
DeckCustom [子卡],,,,,,
DeckCustom [子卡],,,,,,
DeckCustom [子卡],,,,,,
DeckCustom [子卡],,,,,,
DeckCustom [子卡],,,,,,
DeckCustom [子卡],,,,,,
DeckCustom [子卡],,,,,,
DeckCustom [子卡],,,,,,
DeckCustom [子卡],,,,,,
DeckCustom [子卡],,,,,,
DeckCustom [子卡],,,,,,
DeckCustom [子卡],,,,,,
DeckCustom [子卡],,,,,,
DeckCustom [子卡],,,,,,
DeckCustom [子卡],,,,,,
DeckCustom [子卡],,,,,,
DeckCustom [子卡],,,,,,
DeckCustom [子卡],,,,,,
DeckCustom [子卡],,,,,,
DeckCustom [子卡],,,,,,
DeckCustom [子卡],,,,,,
DeckCustom [子卡],,,,,,
DeckCustom [子卡],,,,,https://steamusercontent-a.akamaihd.net/ugc/17541927520195381536/E18A48CD6C516DDFB5A36A9EBEFFA9479AAC3D86/,
Card,,b248c6,0,,https://steamusercontent-a.akamaihd.net/ugc/17541927520195381536/E18A48CD6C516DDFB5A36A9EBEFFA9479AAC3D86/,https://steamusercontent-a.akamaihd.net/ugc/13257287814674214894/A8B620529EAB9437DCF00B895F3368FF0AB2FBD6/
Card,,a7030a,0,,https://steamusercontent-a.akamaihd.net/ugc/17541927520195381536/E18A48CD6C516DDFB5A36A9EBEFFA9479AAC3D86/,https://steamusercontent-a.akamaihd.net/ugc/13257287814674214894/A8B620529EAB9437DCF00B895F3368FF0AB2FBD6/
Card,,e17fcc,0,,https://steamusercontent-a.akamaihd.net/ugc/17541927520195381536/E18A48CD6C516DDFB5A36A9EBEFFA9479AAC3D86/,https://steamusercontent-a.akamaihd.net/ugc/13257287814674214894/A8B620529EAB9437DCF00B895F3368FF0AB2FBD6/
Card,,ec7232,0,,https://steamusercontent-a.akamaihd.net/ugc/17541927520195381536/E18A48CD6C516DDFB5A36A9EBEFFA9479AAC3D86/,https://steamusercontent-a.akamaihd.net/ugc/13257287814674214894/A8B620529EAB9437DCF00B895F3368FF0AB2FBD6/
Card,,4dca96,0,,https://steamusercontent-a.akamaihd.net/ugc/17541927520195381536/E18A48CD6C516DDFB5A36A9EBEFFA9479AAC3D86/,https://steamusercontent-a.akamaihd.net/ugc/13257287814674214894/A8B620529EAB9437DCF00B895F3368FF0AB2FBD6/
Card,,c21fb9,0,,https://steamusercontent-a.akamaihd.net/ugc/17541927520195381536/E18A48CD6C516DDFB5A36A9EBEFFA9479AAC3D86/,https://steamusercontent-a.akamaihd.net/ugc/13257287814674214894/A8B620529EAB9437DCF00B895F3368FF0AB2FBD6/
Card,,6a6e78,0,,https://steamusercontent-a.akamaihd.net/ugc/17541927520195381536/E18A48CD6C516DDFB5A36A9EBEFFA9479AAC3D86/,https://steamusercontent-a.akamaihd.net/ugc/13257287814674214894/A8B620529EAB9437DCF00B895F3368FF0AB2FBD6/
Card,,8536e8,0,,https://steamusercontent-a.akamaihd.net/ugc/17541927520195381536/E18A48CD6C516DDFB5A36A9EBEFFA9479AAC3D86/,https://steamusercontent-a.akamaihd.net/ugc/13257287814674214894/A8B620529EAB9437DCF00B895F3368FF0AB2FBD6/
Card,,f689b5,0,,https://steamusercontent-a.akamaihd.net/ugc/17541927520195381536/E18A48CD6C516DDFB5A36A9EBEFFA9479AAC3D86/,https://steamusercontent-a.akamaihd.net/ugc/13257287814674214894/A8B620529EAB9437DCF00B895F3368FF0AB2FBD6/
Card,,58b62f,0,,https://steamusercontent-a.akamaihd.net/ugc/17541927520195381536/E18A48CD6C516DDFB5A36A9EBEFFA9479AAC3D86/,https://steamusercontent-a.akamaihd.net/ugc/13257287814674214894/A8B620529EAB9437DCF00B895F3368FF0AB2FBD6/
Card,,68135b,0,,https://steamusercontent-a.akamaihd.net/ugc/17541927520195381536/E18A48CD6C516DDFB5A36A9EBEFFA9479AAC3D86/,https://steamusercontent-a.akamaihd.net/ugc/13257287814674214894/A8B620529EAB9437DCF00B895F3368FF0AB2FBD6/
Card,,8536e8,0,,https://steamusercontent-a.akamaihd.net/ugc/17541927520195381536/E18A48CD6C516DDFB5A36A9EBEFFA9479AAC3D86/,https://steamusercontent-a.akamaihd.net/ugc/13257287814674214894/A8B620529EAB9437DCF00B895F3368FF0AB2FBD6/
Card,,7fe9ea,0,,https://steamusercontent-a.akamaihd.net/ugc/17541927520195381536/E18A48CD6C516DDFB5A36A9EBEFFA9479AAC3D86/,https://steamusercontent-a.akamaihd.net/ugc/13257287814674214894/A8B620529EAB9437DCF00B895F3368FF0AB2FBD6/
Card,,c7c933,0,,https://steamusercontent-a.akamaihd.net/ugc/17541927520195381536/E18A48CD6C516DDFB5A36A9EBEFFA9479AAC3D86/,https://steamusercontent-a.akamaihd.net/ugc/13257287814674214894/A8B620529EAB9437DCF00B895F3368FF0AB2FBD6/
Card,,a133b3,0,,https://steamusercontent-a.akamaihd.net/ugc/17541927520195381536/E18A48CD6C516DDFB5A36A9EBEFFA9479AAC3D86/,https://steamusercontent-a.akamaihd.net/ugc/13257287814674214894/A8B620529EAB9437DCF00B895F3368FF0AB2FBD6/
Card,,fb01f5,0,,https://steamusercontent-a.akamaihd.net/ugc/17541927520195381536/E18A48CD6C516DDFB5A36A9EBEFFA9479AAC3D86/,https://steamusercontent-a.akamaihd.net/ugc/13257287814674214894/A8B620529EAB9437DCF00B895F3368FF0AB2FBD6/
Card,,6e5aed,0,,https://steamusercontent-a.akamaihd.net/ugc/17541927520195381536/E18A48CD6C516DDFB5A36A9EBEFFA9479AAC3D86/,https://steamusercontent-a.akamaihd.net/ugc/13257287814674214894/A8B620529EAB9437DCF00B895F3368FF0AB2FBD6/
Card,,37cf96,0,,https://steamusercontent-a.akamaihd.net/ugc/17541927520195381536/E18A48CD6C516DDFB5A36A9EBEFFA9479AAC3D86/,https://steamusercontent-a.akamaihd.net/ugc/13257287814674214894/A8B620529EAB9437DCF00B895F3368FF0AB2FBD6/
Card,,d342d0,0,,https://steamusercontent-a.akamaihd.net/ugc/17541927520195381536/E18A48CD6C516DDFB5A36A9EBEFFA9479AAC3D86/,https://steamusercontent-a.akamaihd.net/ugc/13257287814674214894/A8B620529EAB9437DCF00B895F3368FF0AB2FBD6/
Card,,7e4997,0,,https://steamusercontent-a.akamaihd.net/ugc/17541927520195381536/E18A48CD6C516DDFB5A36A9EBEFFA9479AAC3D86/,https://steamusercontent-a.akamaihd.net/ugc/13257287814674214894/A8B620529EAB9437DCF00B895F3368FF0AB2FBD6/
Card,,d86f60,0,,https://steamusercontent-a.akamaihd.net/ugc/17541927520195381536/E18A48CD6C516DDFB5A36A9EBEFFA9479AAC3D86/,https://steamusercontent-a.akamaihd.net/ugc/13257287814674214894/A8B620529EAB9437DCF00B895F3368FF0AB2FBD6/
Card,,131b04,0,,https://steamusercontent-a.akamaihd.net/ugc/17541927520195381536/E18A48CD6C516DDFB5A36A9EBEFFA9479AAC3D86/,https://steamusercontent-a.akamaihd.net/ugc/13257287814674214894/A8B620529EAB9437DCF00B895F3368FF0AB2FBD6/
Card,,12062b,0,,,
Card,,a7b1f6,0,,,
Card,,f34f99,0,,,
Card,,371941,0,,,
Card,,6b2259,0,,,
Card,,05ee36,0,,,
Card,,528308,0,,,
Card,,c1f106,0,,,
Card,,34e287,0,,,
Card,,d05bc8,0,,,
Card,,ecb8dd,0,,,
Card,,5129a2,0,,,
Card,,ea632d,0,,,
Card,,29ab07,0,,,
Card,,405d3a,0,,,
Card,,7b1aad,0,,,
Card,,74f28a,0,,,
Card,,8200b1,0,,,
Card,,831bc1,0,,,
Card,,932741,0,,,
Card,,101979,0,,,
Card,,b7176a,0,,,
Card,,883db0,0,,,
Card,,ae1801,0,,,
Card,,29172f,0,,,
Card,,c9db3c,0,,,
Card,,7972a3,0,,,
Card,,89cdf0,0,,,
Card,,e7ba71,0,,,
Card,,0fb13e,0,,,
Card,,267425,0,,,
Card,,ee9e90,0,,,
Card,,fd6187,0,,,
Card,,2a7185,0,,,
Card,,4b7585,0,,,
Card,,4002dc,0,,,
Card,,f7d5df,0,,,
Card,,4c4d9c,0,,,
Card,,062518,0,,,
Card,,fdfe3e,0,,,
Card,,2114c3,0,,https://steamusercontent-a.akamaihd.net/ugc/17541927520195381536/E18A48CD6C516DDFB5A36A9EBEFFA9479AAC3D86/,https://steamusercontent-a.akamaihd.net/ugc/13257287814674214894/A8B620529EAB9437DCF00B895F3368FF0AB2FBD6/
DeckCustom,,9f1df4,63,,https://steamusercontent-a.akamaihd.net/ugc/17051544059856308019/D89300C17A161033C5ED508A7F0DA159CCA83E62/,https://steamusercontent-a.akamaihd.net/ugc/10544920560782028533/87A3947590FDC31D60754C09262C81542AF7372A/
DeckCustom [子卡],,,,,https://steamusercontent-a.akamaihd.net/ugc/17051544059856308019/D89300C17A161033C5ED508A7F0DA159CCA83E62/,
DeckCustom [子卡],,,,,https://steamusercontent-a.akamaihd.net/ugc/17051544059856308019/D89300C17A161033C5ED508A7F0DA159CCA83E62/,
DeckCustom [子卡],,,,,https://steamusercontent-a.akamaihd.net/ugc/17051544059856308019/D89300C17A161033C5ED508A7F0DA159CCA83E62/,
DeckCustom [子卡],,,,,https://steamusercontent-a.akamaihd.net/ugc/17051544059856308019/D89300C17A161033C5ED508A7F0DA159CCA83E62/,
DeckCustom [子卡],,,,,https://steamusercontent-a.akamaihd.net/ugc/17051544059856308019/D89300C17A161033C5ED508A7F0DA159CCA83E62/,
DeckCustom [子卡],,,,,https://steamusercontent-a.akamaihd.net/ugc/17051544059856308019/D89300C17A161033C5ED508A7F0DA159CCA83E62/,
DeckCustom [子卡],,,,,https://steamusercontent-a.akamaihd.net/ugc/17051544059856308019/D89300C17A161033C5ED508A7F0DA159CCA83E62/,
DeckCustom [子卡],,,,,https://steamusercontent-a.akamaihd.net/ugc/17051544059856308019/D89300C17A161033C5ED508A7F0DA159CCA83E62/,
DeckCustom [子卡],,,,,https://steamusercontent-a.akamaihd.net/ugc/17051544059856308019/D89300C17A161033C5ED508A7F0DA159CCA83E62/,
DeckCustom [子卡],,,,,https://steamusercontent-a.akamaihd.net/ugc/17051544059856308019/D89300C17A161033C5ED508A7F0DA159CCA83E62/,
DeckCustom [子卡],,,,,https://steamusercontent-a.akamaihd.net/ugc/17051544059856308019/D89300C17A161033C5ED508A7F0DA159CCA83E62/,
DeckCustom [子卡],,,,,https://steamusercontent-a.akamaihd.net/ugc/17051544059856308019/D89300C17A161033C5ED508A7F0DA159CCA83E62/,
DeckCustom [子卡],,,,,https://steamusercontent-a.akamaihd.net/ugc/17051544059856308019/D89300C17A161033C5ED508A7F0DA159CCA83E62/,
DeckCustom [子卡],,,,,https://steamusercontent-a.akamaihd.net/ugc/17051544059856308019/D89300C17A161033C5ED508A7F0DA159CCA83E62/,
DeckCustom [子卡],,,,,https://steamusercontent-a.akamaihd.net/ugc/17051544059856308019/D89300C17A161033C5ED508A7F0DA159CCA83E62/,
DeckCustom [子卡],,,,,https://steamusercontent-a.akamaihd.net/ugc/17051544059856308019/D89300C17A161033C5ED508A7F0DA159CCA83E62/,
DeckCustom [子卡],,,,,https://steamusercontent-a.akamaihd.net/ugc/17051544059856308019/D89300C17A161033C5ED508A7F0DA159CCA83E62/,
DeckCustom [子卡],,,,,https://steamusercontent-a.akamaihd.net/ugc/17051544059856308019/D89300C17A161033C5ED508A7F0DA159CCA83E62/,
DeckCustom [子卡],,,,,,
DeckCustom [子卡],,,,,,
DeckCustom [子卡],,,,,,
DeckCustom [子卡],,,,,,
DeckCustom [子卡],,,,,,
DeckCustom [子卡],,,,,,
DeckCustom [子卡],,,,,,
DeckCustom [子卡],,,,,,
DeckCustom [子卡],,,,,,
DeckCustom [子卡],,,,,,
DeckCustom [子卡],,,,,,
DeckCustom [子卡],,,,,,
DeckCustom [子卡],,,,,,
DeckCustom [子卡],,,,,,
DeckCustom [子卡],,,,,,
DeckCustom [子卡],,,,,,
DeckCustom [子卡],,,,,,
DeckCustom [子卡],,,,,,
DeckCustom [子卡],,,,,,
DeckCustom [子卡],,,,,,
DeckCustom [子卡],,,,,,
DeckCustom [子卡],,,,,,
DeckCustom [子卡],,,,,,
DeckCustom [子卡],,,,,,
DeckCustom [子卡],,,,,,
DeckCustom [子卡],,,,,,
DeckCustom [子卡],,,,,,
DeckCustom [子卡],,,,,,
DeckCustom [子卡],,,,,,
DeckCustom [子卡],,,,,,
DeckCustom [子卡],,,,,,
DeckCustom [子卡],,,,,,
DeckCustom [子卡],,,,,,
DeckCustom [子卡],,,,,,
DeckCustom [子卡],,,,,,
DeckCustom [子卡],,,,,,
DeckCustom [子卡],,,,,,
DeckCustom [子卡],,,,,,
DeckCustom [子卡],,,,,,
DeckCustom [子卡],,,,,,
DeckCustom [子卡],,,,,,
DeckCustom [子卡],,,,,,
DeckCustom [子卡],,,,,,
DeckCustom [子卡],,,,,,
DeckCustom [子卡],,,,,,
Card,,7e6f20,0,,https://steamusercontent-a.akamaihd.net/ugc/17051544059856308019/D89300C17A161033C5ED508A7F0DA159CCA83E62/,https://steamusercontent-a.akamaihd.net/ugc/10544920560782028533/87A3947590FDC31D60754C09262C81542AF7372A/
Card,,4c8628,0,,https://steamusercontent-a.akamaihd.net/ugc/17051544059856308019/D89300C17A161033C5ED508A7F0DA159CCA83E62/,https://steamusercontent-a.akamaihd.net/ugc/10544920560782028533/87A3947590FDC31D60754C09262C81542AF7372A/
Card,,2e1ac5,0,,https://steamusercontent-a.akamaihd.net/ugc/17051544059856308019/D89300C17A161033C5ED508A7F0DA159CCA83E62/,https://steamusercontent-a.akamaihd.net/ugc/10544920560782028533/87A3947590FDC31D60754C09262C81542AF7372A/
Card,,c8b070,0,,https://steamusercontent-a.akamaihd.net/ugc/17051544059856308019/D89300C17A161033C5ED508A7F0DA159CCA83E62/,https://steamusercontent-a.akamaihd.net/ugc/10544920560782028533/87A3947590FDC31D60754C09262C81542AF7372A/
Card,,10e0bd,0,,https://steamusercontent-a.akamaihd.net/ugc/17051544059856308019/D89300C17A161033C5ED508A7F0DA159CCA83E62/,https://steamusercontent-a.akamaihd.net/ugc/10544920560782028533/87A3947590FDC31D60754C09262C81542AF7372A/
Card,,f616d0,0,,https://steamusercontent-a.akamaihd.net/ugc/17051544059856308019/D89300C17A161033C5ED508A7F0DA159CCA83E62/,https://steamusercontent-a.akamaihd.net/ugc/10544920560782028533/87A3947590FDC31D60754C09262C81542AF7372A/
Card,,c25d9e,0,,https://steamusercontent-a.akamaihd.net/ugc/17051544059856308019/D89300C17A161033C5ED508A7F0DA159CCA83E62/,https://steamusercontent-a.akamaihd.net/ugc/10544920560782028533/87A3947590FDC31D60754C09262C81542AF7372A/
Card,,ac908c,0,,https://steamusercontent-a.akamaihd.net/ugc/17051544059856308019/D89300C17A161033C5ED508A7F0DA159CCA83E62/,https://steamusercontent-a.akamaihd.net/ugc/10544920560782028533/87A3947590FDC31D60754C09262C81542AF7372A/
Card,,f939c8,0,,https://steamusercontent-a.akamaihd.net/ugc/17051544059856308019/D89300C17A161033C5ED508A7F0DA159CCA83E62/,https://steamusercontent-a.akamaihd.net/ugc/10544920560782028533/87A3947590FDC31D60754C09262C81542AF7372A/
Card,,5da357,0,,https://steamusercontent-a.akamaihd.net/ugc/17051544059856308019/D89300C17A161033C5ED508A7F0DA159CCA83E62/,https://steamusercontent-a.akamaihd.net/ugc/10544920560782028533/87A3947590FDC31D60754C09262C81542AF7372A/
Card,,075c56,0,,https://steamusercontent-a.akamaihd.net/ugc/17051544059856308019/D89300C17A161033C5ED508A7F0DA159CCA83E62/,https://steamusercontent-a.akamaihd.net/ugc/10544920560782028533/87A3947590FDC31D60754C09262C81542AF7372A/
Card,,e63d88,0,,https://steamusercontent-a.akamaihd.net/ugc/17051544059856308019/D89300C17A161033C5ED508A7F0DA159CCA83E62/,https://steamusercontent-a.akamaihd.net/ugc/10544920560782028533/87A3947590FDC31D60754C09262C81542AF7372A/
Card,,a107af,0,,https://steamusercontent-a.akamaihd.net/ugc/17051544059856308019/D89300C17A161033C5ED508A7F0DA159CCA83E62/,https://steamusercontent-a.akamaihd.net/ugc/10544920560782028533/87A3947590FDC31D60754C09262C81542AF7372A/
Card,,15dfee,0,,https://steamusercontent-a.akamaihd.net/ugc/17051544059856308019/D89300C17A161033C5ED508A7F0DA159CCA83E62/,https://steamusercontent-a.akamaihd.net/ugc/10544920560782028533/87A3947590FDC31D60754C09262C81542AF7372A/
Card,,15d5fe,0,,https://steamusercontent-a.akamaihd.net/ugc/17051544059856308019/D89300C17A161033C5ED508A7F0DA159CCA83E62/,https://steamusercontent-a.akamaihd.net/ugc/10544920560782028533/87A3947590FDC31D60754C09262C81542AF7372A/
Card,,ada1ee,0,,https://steamusercontent-a.akamaihd.net/ugc/17051544059856308019/D89300C17A161033C5ED508A7F0DA159CCA83E62/,https://steamusercontent-a.akamaihd.net/ugc/10544920560782028533/87A3947590FDC31D60754C09262C81542AF7372A/
Card,,e3d3b3,0,,https://steamusercontent-a.akamaihd.net/ugc/17051544059856308019/D89300C17A161033C5ED508A7F0DA159CCA83E62/,https://steamusercontent-a.akamaihd.net/ugc/10544920560782028533/87A3947590FDC31D60754C09262C81542AF7372A/
Card,,6aae25,0,,https://steamusercontent-a.akamaihd.net/ugc/17051544059856308019/D89300C17A161033C5ED508A7F0DA159CCA83E62/,https://steamusercontent-a.akamaihd.net/ugc/10544920560782028533/87A3947590FDC31D60754C09262C81542AF7372A/
Card,,1f117a,0,,,
Card,,cc6e75,0,,,
Card,,e6fb89,0,,,
Card,,6dda88,0,,,
Card,,5bc9e2,0,,,
Card,,f91582,0,,,
Card,,e60201,0,,,
Card,,a2ebb8,0,,,
Card,,68c800,0,,,
Card,,84080f,0,,,
Card,,6520bd,0,,,
Card,,7c4250,0,,,
Card,,b35ab5,0,,,
Card,,c685bc,0,,,
Card,,9afd04,0,,,
Card,,08bdb7,0,,,
Card,,5b2a5b,0,,,
Card,,c06128,0,,,
Card,,d0e089,0,,,
Card,,af477d,0,,,
Card,,3cd0f5,0,,,
Card,,46b213,0,,,
Card,,7262b9,0,,,
Card,,8a632d,0,,,
Card,,b79244,0,,,
Card,,fe911f,0,,,
Card,,7ff299,0,,,
Card,,6c023d,0,,,
Card,,4bee69,0,,,
Card,,b71a99,0,,,
Card,,87bc1f,0,,,
Card,,891a6b,0,,,
Card,,fe413d,0,,,
Card,,d72ff3,0,,,
Card,,fa8ba2,0,,,
Card,,af5c34,0,,,
Card,,8495cb,0,,,
Card,,13a92e,0,,,
Card,,45abee,0,,,
Card,,4f4ccc,0,,,
Card,,c419c2,0,,,
Card,,19f8ac,0,,,
Card,,644c7c,0,,,
Card,,c48e1d,0,,,
Card,,2f86ab,0,,,
DeckCustom,,63e24d,66,,https://steamusercontent-a.akamaihd.net/ugc/11963578376221607588/1F4240A43352DB1894A2F9B022F058E871E6F23C/,https://steamusercontent-a.akamaihd.net/ugc/12636033598014099589/E8FD1C6098B58ED175C428F35F375807E91D890D/
DeckCustom [子卡],,,,,https://steamusercontent-a.akamaihd.net/ugc/11963578376221607588/1F4240A43352DB1894A2F9B022F058E871E6F23C/,
DeckCustom [子卡],,,,,https://steamusercontent-a.akamaihd.net/ugc/11963578376221607588/1F4240A43352DB1894A2F9B022F058E871E6F23C/,
DeckCustom [子卡],,,,,https://steamusercontent-a.akamaihd.net/ugc/11963578376221607588/1F4240A43352DB1894A2F9B022F058E871E6F23C/,
DeckCustom [子卡],,,,,https://steamusercontent-a.akamaihd.net/ugc/11963578376221607588/1F4240A43352DB1894A2F9B022F058E871E6F23C/,
DeckCustom [子卡],,,,,https://steamusercontent-a.akamaihd.net/ugc/11963578376221607588/1F4240A43352DB1894A2F9B022F058E871E6F23C/,
DeckCustom [子卡],,,,,https://steamusercontent-a.akamaihd.net/ugc/11963578376221607588/1F4240A43352DB1894A2F9B022F058E871E6F23C/,
DeckCustom [子卡],,,,,https://steamusercontent-a.akamaihd.net/ugc/11963578376221607588/1F4240A43352DB1894A2F9B022F058E871E6F23C/,
DeckCustom [子卡],,,,,https://steamusercontent-a.akamaihd.net/ugc/11963578376221607588/1F4240A43352DB1894A2F9B022F058E871E6F23C/,
DeckCustom [子卡],,,,,https://steamusercontent-a.akamaihd.net/ugc/11963578376221607588/1F4240A43352DB1894A2F9B022F058E871E6F23C/,
DeckCustom [子卡],,,,,https://steamusercontent-a.akamaihd.net/ugc/11963578376221607588/1F4240A43352DB1894A2F9B022F058E871E6F23C/,
DeckCustom [子卡],,,,,https://steamusercontent-a.akamaihd.net/ugc/11963578376221607588/1F4240A43352DB1894A2F9B022F058E871E6F23C/,
DeckCustom [子卡],,,,,https://steamusercontent-a.akamaihd.net/ugc/11963578376221607588/1F4240A43352DB1894A2F9B022F058E871E6F23C/,
DeckCustom [子卡],,,,,https://steamusercontent-a.akamaihd.net/ugc/11963578376221607588/1F4240A43352DB1894A2F9B022F058E871E6F23C/,
DeckCustom [子卡],,,,,https://steamusercontent-a.akamaihd.net/ugc/11963578376221607588/1F4240A43352DB1894A2F9B022F058E871E6F23C/,
DeckCustom [子卡],,,,,https://steamusercontent-a.akamaihd.net/ugc/11963578376221607588/1F4240A43352DB1894A2F9B022F058E871E6F23C/,
DeckCustom [子卡],,,,,https://steamusercontent-a.akamaihd.net/ugc/11963578376221607588/1F4240A43352DB1894A2F9B022F058E871E6F23C/,
DeckCustom [子卡],,,,,https://steamusercontent-a.akamaihd.net/ugc/11963578376221607588/1F4240A43352DB1894A2F9B022F058E871E6F23C/,
DeckCustom [子卡],,,,,https://steamusercontent-a.akamaihd.net/ugc/11963578376221607588/1F4240A43352DB1894A2F9B022F058E871E6F23C/,
DeckCustom [子卡],,,,,https://steamusercontent-a.akamaihd.net/ugc/11963578376221607588/1F4240A43352DB1894A2F9B022F058E871E6F23C/,
DeckCustom [子卡],,,,,https://steamusercontent-a.akamaihd.net/ugc/11963578376221607588/1F4240A43352DB1894A2F9B022F058E871E6F23C/,
DeckCustom [子卡],,,,,https://steamusercontent-a.akamaihd.net/ugc/11963578376221607588/1F4240A43352DB1894A2F9B022F058E871E6F23C/,
DeckCustom [子卡],,,,,https://steamusercontent-a.akamaihd.net/ugc/11963578376221607588/1F4240A43352DB1894A2F9B022F058E871E6F23C/,
DeckCustom [子卡],,,,,,
DeckCustom [子卡],,,,,,
DeckCustom [子卡],,,,,,
DeckCustom [子卡],,,,,,
DeckCustom [子卡],,,,,,
DeckCustom [子卡],,,,,,
DeckCustom [子卡],,,,,,
DeckCustom [子卡],,,,,,
DeckCustom [子卡],,,,,,
DeckCustom [子卡],,,,,,
DeckCustom [子卡],,,,,,
DeckCustom [子卡],,,,,,
DeckCustom [子卡],,,,,,
DeckCustom [子卡],,,,,,
DeckCustom [子卡],,,,,,
DeckCustom [子卡],,,,,,
DeckCustom [子卡],,,,,,
DeckCustom [子卡],,,,,,
DeckCustom [子卡],,,,,,
DeckCustom [子卡],,,,,,
DeckCustom [子卡],,,,,,
DeckCustom [子卡],,,,,,
DeckCustom [子卡],,,,,,
DeckCustom [子卡],,,,,,
DeckCustom [子卡],,,,,,
DeckCustom [子卡],,,,,,
DeckCustom [子卡],,,,,,
DeckCustom [子卡],,,,,,
DeckCustom [子卡],,,,,,
DeckCustom [子卡],,,,,,
DeckCustom [子卡],,,,,,
DeckCustom [子卡],,,,,,
DeckCustom [子卡],,,,,,
DeckCustom [子卡],,,,,,
DeckCustom [子卡],,,,,,
DeckCustom [子卡],,,,,,
DeckCustom [子卡],,,,,,
DeckCustom [子卡],,,,,,
DeckCustom [子卡],,,,,,
DeckCustom [子卡],,,,,,
DeckCustom [子卡],,,,,,
DeckCustom [子卡],,,,,,
DeckCustom [子卡],,,,,,
DeckCustom [子卡],,,,,,
Card,,fc9012,0,,https://steamusercontent-a.akamaihd.net/ugc/11963578376221607588/1F4240A43352DB1894A2F9B022F058E871E6F23C/,https://steamusercontent-a.akamaihd.net/ugc/12636033598014099589/E8FD1C6098B58ED175C428F35F375807E91D890D/
Card,,fb0fc1,0,,https://steamusercontent-a.akamaihd.net/ugc/11963578376221607588/1F4240A43352DB1894A2F9B022F058E871E6F23C/,https://steamusercontent-a.akamaihd.net/ugc/12636033598014099589/E8FD1C6098B58ED175C428F35F375807E91D890D/
Card,,c13db6,0,,https://steamusercontent-a.akamaihd.net/ugc/11963578376221607588/1F4240A43352DB1894A2F9B022F058E871E6F23C/,https://steamusercontent-a.akamaihd.net/ugc/12636033598014099589/E8FD1C6098B58ED175C428F35F375807E91D890D/
Card,,f6a238,0,,https://steamusercontent-a.akamaihd.net/ugc/11963578376221607588/1F4240A43352DB1894A2F9B022F058E871E6F23C/,https://steamusercontent-a.akamaihd.net/ugc/12636033598014099589/E8FD1C6098B58ED175C428F35F375807E91D890D/
Card,,85fb62,0,,https://steamusercontent-a.akamaihd.net/ugc/11963578376221607588/1F4240A43352DB1894A2F9B022F058E871E6F23C/,https://steamusercontent-a.akamaihd.net/ugc/12636033598014099589/E8FD1C6098B58ED175C428F35F375807E91D890D/
Card,,f07136,0,,https://steamusercontent-a.akamaihd.net/ugc/11963578376221607588/1F4240A43352DB1894A2F9B022F058E871E6F23C/,https://steamusercontent-a.akamaihd.net/ugc/12636033598014099589/E8FD1C6098B58ED175C428F35F375807E91D890D/
Card,,107e79,0,,https://steamusercontent-a.akamaihd.net/ugc/11963578376221607588/1F4240A43352DB1894A2F9B022F058E871E6F23C/,https://steamusercontent-a.akamaihd.net/ugc/12636033598014099589/E8FD1C6098B58ED175C428F35F375807E91D890D/
Card,,855f41,0,,https://steamusercontent-a.akamaihd.net/ugc/11963578376221607588/1F4240A43352DB1894A2F9B022F058E871E6F23C/,https://steamusercontent-a.akamaihd.net/ugc/12636033598014099589/E8FD1C6098B58ED175C428F35F375807E91D890D/
Card,,f15039,0,,https://steamusercontent-a.akamaihd.net/ugc/11963578376221607588/1F4240A43352DB1894A2F9B022F058E871E6F23C/,https://steamusercontent-a.akamaihd.net/ugc/12636033598014099589/E8FD1C6098B58ED175C428F35F375807E91D890D/
Card,,2a505d,0,,https://steamusercontent-a.akamaihd.net/ugc/11963578376221607588/1F4240A43352DB1894A2F9B022F058E871E6F23C/,https://steamusercontent-a.akamaihd.net/ugc/12636033598014099589/E8FD1C6098B58ED175C428F35F375807E91D890D/
Card,,75a883,0,,https://steamusercontent-a.akamaihd.net/ugc/11963578376221607588/1F4240A43352DB1894A2F9B022F058E871E6F23C/,https://steamusercontent-a.akamaihd.net/ugc/12636033598014099589/E8FD1C6098B58ED175C428F35F375807E91D890D/
Card,,a5ece5,0,,https://steamusercontent-a.akamaihd.net/ugc/11963578376221607588/1F4240A43352DB1894A2F9B022F058E871E6F23C/,https://steamusercontent-a.akamaihd.net/ugc/12636033598014099589/E8FD1C6098B58ED175C428F35F375807E91D890D/
Card,,e06504,0,,https://steamusercontent-a.akamaihd.net/ugc/11963578376221607588/1F4240A43352DB1894A2F9B022F058E871E6F23C/,https://steamusercontent-a.akamaihd.net/ugc/12636033598014099589/E8FD1C6098B58ED175C428F35F375807E91D890D/
Card,,181c3c,0,,https://steamusercontent-a.akamaihd.net/ugc/11963578376221607588/1F4240A43352DB1894A2F9B022F058E871E6F23C/,https://steamusercontent-a.akamaihd.net/ugc/12636033598014099589/E8FD1C6098B58ED175C428F35F375807E91D890D/
Card,,2e7488,0,,https://steamusercontent-a.akamaihd.net/ugc/11963578376221607588/1F4240A43352DB1894A2F9B022F058E871E6F23C/,https://steamusercontent-a.akamaihd.net/ugc/12636033598014099589/E8FD1C6098B58ED175C428F35F375807E91D890D/
Card,,11ef35,0,,https://steamusercontent-a.akamaihd.net/ugc/11963578376221607588/1F4240A43352DB1894A2F9B022F058E871E6F23C/,https://steamusercontent-a.akamaihd.net/ugc/12636033598014099589/E8FD1C6098B58ED175C428F35F375807E91D890D/
Card,,506d8a,0,,https://steamusercontent-a.akamaihd.net/ugc/11963578376221607588/1F4240A43352DB1894A2F9B022F058E871E6F23C/,https://steamusercontent-a.akamaihd.net/ugc/12636033598014099589/E8FD1C6098B58ED175C428F35F375807E91D890D/
Card,,05f3ab,0,,https://steamusercontent-a.akamaihd.net/ugc/11963578376221607588/1F4240A43352DB1894A2F9B022F058E871E6F23C/,https://steamusercontent-a.akamaihd.net/ugc/12636033598014099589/E8FD1C6098B58ED175C428F35F375807E91D890D/
Card,,90117b,0,,https://steamusercontent-a.akamaihd.net/ugc/11963578376221607588/1F4240A43352DB1894A2F9B022F058E871E6F23C/,https://steamusercontent-a.akamaihd.net/ugc/12636033598014099589/E8FD1C6098B58ED175C428F35F375807E91D890D/
Card,,df24d7,0,,https://steamusercontent-a.akamaihd.net/ugc/11963578376221607588/1F4240A43352DB1894A2F9B022F058E871E6F23C/,https://steamusercontent-a.akamaihd.net/ugc/12636033598014099589/E8FD1C6098B58ED175C428F35F375807E91D890D/
Card,,00e83b,0,,https://steamusercontent-a.akamaihd.net/ugc/11963578376221607588/1F4240A43352DB1894A2F9B022F058E871E6F23C/,https://steamusercontent-a.akamaihd.net/ugc/12636033598014099589/E8FD1C6098B58ED175C428F35F375807E91D890D/
Card,,64ed4c,0,,https://steamusercontent-a.akamaihd.net/ugc/11963578376221607588/1F4240A43352DB1894A2F9B022F058E871E6F23C/,https://steamusercontent-a.akamaihd.net/ugc/12636033598014099589/E8FD1C6098B58ED175C428F35F375807E91D890D/
Card,,b8fc46,0,,,
Card,,edfdba,0,,,
Card,,889e3e,0,,,
Card,,368373,0,,,
Card,,ea521f,0,,,
Card,,2c160d,0,,,
Card,,eae71d,0,,,
Card,,716e68,0,,,
Card,,6a0570,0,,,
Card,,0fa4d5,0,,,
Card,,896f7c,0,,,
Card,,f9ecf0,0,,,
Card,,19aa72,0,,,
Card,,32ae22,0,,,
Card,,794d37,0,,,
Card,,f5fb8a,0,,,
Card,,908f65,0,,,
Card,,89c724,0,,,
Card,,8cb2e8,0,,,
Card,,1e4112,0,,,
Card,,273c07,0,,,
Card,,cc9368,0,,,
Card,,64cf9a,0,,,
Card,,1ecea8,0,,,
Card,,3ed25f,0,,,
Card,,37021a,0,,,
Card,,932fef,0,,,
Card,,71fcd7,0,,,
Card,,f705ad,0,,,
Card,,5add30,0,,,
Card,,06c13b,0,,,
Card,,ac3a49,0,,,
Card,,ab36b1,0,,,
Card,,383b33,0,,,
Card,,48f997,0,,,
Card,,6f7b34,0,,,
Card,,42ef8d,0,,,
Card,,a0b02d,0,,,
Card,,25c380,0,,,
Card,,3ee848,0,,,
Card,,e36fd1,0,,,
Card,,62f4a3,0,,,
Card,,bcf006,0,,,
Card,,1a35e1,0,,,
DeckCustom,,295668,74,,https://steamusercontent-a.akamaihd.net/ugc/9579702697447859867/87AFABDDB33FF6A6B7E7AAB23AFCA69DECC2B4AD/,https://steamusercontent-a.akamaihd.net/ugc/15596065229435097165/82CCF1FF9150BE2E968D998D892B3D40CB8F54EC/
DeckCustom [子卡],,,,,https://steamusercontent-a.akamaihd.net/ugc/9579702697447859867/87AFABDDB33FF6A6B7E7AAB23AFCA69DECC2B4AD/,
DeckCustom [子卡],,,,,https://steamusercontent-a.akamaihd.net/ugc/9579702697447859867/87AFABDDB33FF6A6B7E7AAB23AFCA69DECC2B4AD/,
DeckCustom [子卡],,,,,https://steamusercontent-a.akamaihd.net/ugc/9579702697447859867/87AFABDDB33FF6A6B7E7AAB23AFCA69DECC2B4AD/,
DeckCustom [子卡],,,,,https://steamusercontent-a.akamaihd.net/ugc/9579702697447859867/87AFABDDB33FF6A6B7E7AAB23AFCA69DECC2B4AD/,
DeckCustom [子卡],,,,,https://steamusercontent-a.akamaihd.net/ugc/9579702697447859867/87AFABDDB33FF6A6B7E7AAB23AFCA69DECC2B4AD/,
DeckCustom [子卡],,,,,https://steamusercontent-a.akamaihd.net/ugc/9579702697447859867/87AFABDDB33FF6A6B7E7AAB23AFCA69DECC2B4AD/,
DeckCustom [子卡],,,,,https://steamusercontent-a.akamaihd.net/ugc/9579702697447859867/87AFABDDB33FF6A6B7E7AAB23AFCA69DECC2B4AD/,
DeckCustom [子卡],,,,,https://steamusercontent-a.akamaihd.net/ugc/9579702697447859867/87AFABDDB33FF6A6B7E7AAB23AFCA69DECC2B4AD/,
DeckCustom [子卡],,,,,https://steamusercontent-a.akamaihd.net/ugc/9579702697447859867/87AFABDDB33FF6A6B7E7AAB23AFCA69DECC2B4AD/,
DeckCustom [子卡],,,,,https://steamusercontent-a.akamaihd.net/ugc/9579702697447859867/87AFABDDB33FF6A6B7E7AAB23AFCA69DECC2B4AD/,
DeckCustom [子卡],,,,,https://steamusercontent-a.akamaihd.net/ugc/9579702697447859867/87AFABDDB33FF6A6B7E7AAB23AFCA69DECC2B4AD/,
DeckCustom [子卡],,,,,https://steamusercontent-a.akamaihd.net/ugc/9579702697447859867/87AFABDDB33FF6A6B7E7AAB23AFCA69DECC2B4AD/,
DeckCustom [子卡],,,,,https://steamusercontent-a.akamaihd.net/ugc/9579702697447859867/87AFABDDB33FF6A6B7E7AAB23AFCA69DECC2B4AD/,
DeckCustom [子卡],,,,,https://steamusercontent-a.akamaihd.net/ugc/9579702697447859867/87AFABDDB33FF6A6B7E7AAB23AFCA69DECC2B4AD/,
DeckCustom [子卡],,,,,https://steamusercontent-a.akamaihd.net/ugc/9579702697447859867/87AFABDDB33FF6A6B7E7AAB23AFCA69DECC2B4AD/,
DeckCustom [子卡],,,,,https://steamusercontent-a.akamaihd.net/ugc/9579702697447859867/87AFABDDB33FF6A6B7E7AAB23AFCA69DECC2B4AD/,
DeckCustom [子卡],,,,,https://steamusercontent-a.akamaihd.net/ugc/9579702697447859867/87AFABDDB33FF6A6B7E7AAB23AFCA69DECC2B4AD/,
DeckCustom [子卡],,,,,https://steamusercontent-a.akamaihd.net/ugc/9579702697447859867/87AFABDDB33FF6A6B7E7AAB23AFCA69DECC2B4AD/,
DeckCustom [子卡],,,,,https://steamusercontent-a.akamaihd.net/ugc/9579702697447859867/87AFABDDB33FF6A6B7E7AAB23AFCA69DECC2B4AD/,
DeckCustom [子卡],,,,,https://steamusercontent-a.akamaihd.net/ugc/9579702697447859867/87AFABDDB33FF6A6B7E7AAB23AFCA69DECC2B4AD/,
DeckCustom [子卡],,,,,https://steamusercontent-a.akamaihd.net/ugc/9579702697447859867/87AFABDDB33FF6A6B7E7AAB23AFCA69DECC2B4AD/,
DeckCustom [子卡],,,,,https://steamusercontent-a.akamaihd.net/ugc/9579702697447859867/87AFABDDB33FF6A6B7E7AAB23AFCA69DECC2B4AD/,
DeckCustom [子卡],,,,,https://steamusercontent-a.akamaihd.net/ugc/9579702697447859867/87AFABDDB33FF6A6B7E7AAB23AFCA69DECC2B4AD/,
DeckCustom [子卡],,,,,https://steamusercontent-a.akamaihd.net/ugc/9579702697447859867/87AFABDDB33FF6A6B7E7AAB23AFCA69DECC2B4AD/,
DeckCustom [子卡],,,,,,
DeckCustom [子卡],,,,,,
DeckCustom [子卡],,,,,,
DeckCustom [子卡],,,,,,
DeckCustom [子卡],,,,,,
DeckCustom [子卡],,,,,,
DeckCustom [子卡],,,,,,
DeckCustom [子卡],,,,,,
DeckCustom [子卡],,,,,,
DeckCustom [子卡],,,,,,
DeckCustom [子卡],,,,,,
DeckCustom [子卡],,,,,,
DeckCustom [子卡],,,,,,
DeckCustom [子卡],,,,,,
DeckCustom [子卡],,,,,,
DeckCustom [子卡],,,,,,
DeckCustom [子卡],,,,,,
DeckCustom [子卡],,,,,,
DeckCustom [子卡],,,,,,
DeckCustom [子卡],,,,,,
DeckCustom [子卡],,,,,,
DeckCustom [子卡],,,,,,
DeckCustom [子卡],,,,,,
DeckCustom [子卡],,,,,,
DeckCustom [子卡],,,,,,
DeckCustom [子卡],,,,,,
DeckCustom [子卡],,,,,,
DeckCustom [子卡],,,,,,
DeckCustom [子卡],,,,,,
DeckCustom [子卡],,,,,,
DeckCustom [子卡],,,,,,
DeckCustom [子卡],,,,,,
DeckCustom [子卡],,,,,,
DeckCustom [子卡],,,,,,
DeckCustom [子卡],,,,,,
DeckCustom [子卡],,,,,,
DeckCustom [子卡],,,,,,
DeckCustom [子卡],,,,,,
DeckCustom [子卡],,,,,,
DeckCustom [子卡],,,,,,
DeckCustom [子卡],,,,,,
DeckCustom [子卡],,,,,,
DeckCustom [子卡],,,,,,
DeckCustom [子卡],,,,,,
DeckCustom [子卡],,,,,,
DeckCustom [子卡],,,,,,
DeckCustom [子卡],,,,,,
DeckCustom [子卡],,,,,,
DeckCustom [子卡],,,,,,
DeckCustom [子卡],,,,,,
Card,,00533b,0,,https://steamusercontent-a.akamaihd.net/ugc/9579702697447859867/87AFABDDB33FF6A6B7E7AAB23AFCA69DECC2B4AD/,https://steamusercontent-a.akamaihd.net/ugc/15596065229435097165/82CCF1FF9150BE2E968D998D892B3D40CB8F54EC/
Card,,56427a,0,,https://steamusercontent-a.akamaihd.net/ugc/9579702697447859867/87AFABDDB33FF6A6B7E7AAB23AFCA69DECC2B4AD/,https://steamusercontent-a.akamaihd.net/ugc/15596065229435097165/82CCF1FF9150BE2E968D998D892B3D40CB8F54EC/
Card,,6d931d,0,,https://steamusercontent-a.akamaihd.net/ugc/9579702697447859867/87AFABDDB33FF6A6B7E7AAB23AFCA69DECC2B4AD/,https://steamusercontent-a.akamaihd.net/ugc/15596065229435097165/82CCF1FF9150BE2E968D998D892B3D40CB8F54EC/
Card,,93ceba,0,,https://steamusercontent-a.akamaihd.net/ugc/9579702697447859867/87AFABDDB33FF6A6B7E7AAB23AFCA69DECC2B4AD/,https://steamusercontent-a.akamaihd.net/ugc/15596065229435097165/82CCF1FF9150BE2E968D998D892B3D40CB8F54EC/
Card,,00533b,0,,https://steamusercontent-a.akamaihd.net/ugc/9579702697447859867/87AFABDDB33FF6A6B7E7AAB23AFCA69DECC2B4AD/,https://steamusercontent-a.akamaihd.net/ugc/15596065229435097165/82CCF1FF9150BE2E968D998D892B3D40CB8F54EC/
Card,,e363cc,0,,https://steamusercontent-a.akamaihd.net/ugc/9579702697447859867/87AFABDDB33FF6A6B7E7AAB23AFCA69DECC2B4AD/,https://steamusercontent-a.akamaihd.net/ugc/15596065229435097165/82CCF1FF9150BE2E968D998D892B3D40CB8F54EC/
Card,,a55950,0,,https://steamusercontent-a.akamaihd.net/ugc/9579702697447859867/87AFABDDB33FF6A6B7E7AAB23AFCA69DECC2B4AD/,https://steamusercontent-a.akamaihd.net/ugc/15596065229435097165/82CCF1FF9150BE2E968D998D892B3D40CB8F54EC/
Card,,6b3f1e,0,,https://steamusercontent-a.akamaihd.net/ugc/9579702697447859867/87AFABDDB33FF6A6B7E7AAB23AFCA69DECC2B4AD/,https://steamusercontent-a.akamaihd.net/ugc/15596065229435097165/82CCF1FF9150BE2E968D998D892B3D40CB8F54EC/
Card,,7975f0,0,,https://steamusercontent-a.akamaihd.net/ugc/9579702697447859867/87AFABDDB33FF6A6B7E7AAB23AFCA69DECC2B4AD/,https://steamusercontent-a.akamaihd.net/ugc/15596065229435097165/82CCF1FF9150BE2E968D998D892B3D40CB8F54EC/
Card,,a9dd61,0,,https://steamusercontent-a.akamaihd.net/ugc/9579702697447859867/87AFABDDB33FF6A6B7E7AAB23AFCA69DECC2B4AD/,https://steamusercontent-a.akamaihd.net/ugc/15596065229435097165/82CCF1FF9150BE2E968D998D892B3D40CB8F54EC/
Card,,c9d754,0,,https://steamusercontent-a.akamaihd.net/ugc/9579702697447859867/87AFABDDB33FF6A6B7E7AAB23AFCA69DECC2B4AD/,https://steamusercontent-a.akamaihd.net/ugc/15596065229435097165/82CCF1FF9150BE2E968D998D892B3D40CB8F54EC/
Card,,be41ca,0,,https://steamusercontent-a.akamaihd.net/ugc/9579702697447859867/87AFABDDB33FF6A6B7E7AAB23AFCA69DECC2B4AD/,https://steamusercontent-a.akamaihd.net/ugc/15596065229435097165/82CCF1FF9150BE2E968D998D892B3D40CB8F54EC/
Card,,a32136,0,,https://steamusercontent-a.akamaihd.net/ugc/9579702697447859867/87AFABDDB33FF6A6B7E7AAB23AFCA69DECC2B4AD/,https://steamusercontent-a.akamaihd.net/ugc/15596065229435097165/82CCF1FF9150BE2E968D998D892B3D40CB8F54EC/
Card,,a9dd61,0,,https://steamusercontent-a.akamaihd.net/ugc/9579702697447859867/87AFABDDB33FF6A6B7E7AAB23AFCA69DECC2B4AD/,https://steamusercontent-a.akamaihd.net/ugc/15596065229435097165/82CCF1FF9150BE2E968D998D892B3D40CB8F54EC/
Card,,fcc29c,0,,https://steamusercontent-a.akamaihd.net/ugc/9579702697447859867/87AFABDDB33FF6A6B7E7AAB23AFCA69DECC2B4AD/,https://steamusercontent-a.akamaihd.net/ugc/15596065229435097165/82CCF1FF9150BE2E968D998D892B3D40CB8F54EC/
Card,,1a255f,0,,https://steamusercontent-a.akamaihd.net/ugc/9579702697447859867/87AFABDDB33FF6A6B7E7AAB23AFCA69DECC2B4AD/,https://steamusercontent-a.akamaihd.net/ugc/15596065229435097165/82CCF1FF9150BE2E968D998D892B3D40CB8F54EC/
Card,,32b211,0,,https://steamusercontent-a.akamaihd.net/ugc/9579702697447859867/87AFABDDB33FF6A6B7E7AAB23AFCA69DECC2B4AD/,https://steamusercontent-a.akamaihd.net/ugc/15596065229435097165/82CCF1FF9150BE2E968D998D892B3D40CB8F54EC/
Card,,9602a3,0,,https://steamusercontent-a.akamaihd.net/ugc/9579702697447859867/87AFABDDB33FF6A6B7E7AAB23AFCA69DECC2B4AD/,https://steamusercontent-a.akamaihd.net/ugc/15596065229435097165/82CCF1FF9150BE2E968D998D892B3D40CB8F54EC/
Card,,2167e6,0,,https://steamusercontent-a.akamaihd.net/ugc/9579702697447859867/87AFABDDB33FF6A6B7E7AAB23AFCA69DECC2B4AD/,https://steamusercontent-a.akamaihd.net/ugc/15596065229435097165/82CCF1FF9150BE2E968D998D892B3D40CB8F54EC/
Card,,12fdb6,0,,https://steamusercontent-a.akamaihd.net/ugc/9579702697447859867/87AFABDDB33FF6A6B7E7AAB23AFCA69DECC2B4AD/,https://steamusercontent-a.akamaihd.net/ugc/15596065229435097165/82CCF1FF9150BE2E968D998D892B3D40CB8F54EC/
Card,,e3fe3e,0,,https://steamusercontent-a.akamaihd.net/ugc/9579702697447859867/87AFABDDB33FF6A6B7E7AAB23AFCA69DECC2B4AD/,https://steamusercontent-a.akamaihd.net/ugc/15596065229435097165/82CCF1FF9150BE2E968D998D892B3D40CB8F54EC/
Card,,0ec723,0,,https://steamusercontent-a.akamaihd.net/ugc/9579702697447859867/87AFABDDB33FF6A6B7E7AAB23AFCA69DECC2B4AD/,https://steamusercontent-a.akamaihd.net/ugc/15596065229435097165/82CCF1FF9150BE2E968D998D892B3D40CB8F54EC/
Card,,2167e6,0,,https://steamusercontent-a.akamaihd.net/ugc/9579702697447859867/87AFABDDB33FF6A6B7E7AAB23AFCA69DECC2B4AD/,https://steamusercontent-a.akamaihd.net/ugc/15596065229435097165/82CCF1FF9150BE2E968D998D892B3D40CB8F54EC/
Card,,cc8c45,0,,https://steamusercontent-a.akamaihd.net/ugc/9579702697447859867/87AFABDDB33FF6A6B7E7AAB23AFCA69DECC2B4AD/,https://steamusercontent-a.akamaihd.net/ugc/15596065229435097165/82CCF1FF9150BE2E968D998D892B3D40CB8F54EC/
Card,,f8ffee,0,,,
Card,,d47d14,0,,,
Card,,5caf3e,0,,,
Card,,9a869a,0,,,
Card,,39e204,0,,,
Card,,25d501,0,,,
Card,,ff3164,0,,,
Card,,9b1cb9,0,,,
Card,,ed1798,0,,,
Card,,b81f91,0,,,
Card,,e3b1e1,0,,,
Card,,001c14,0,,,
Card,,27b552,0,,,
Card,,ad954e,0,,,
Card,,e2a1a2,0,,,
Card,,daaa6e,0,,,
Card,,585571,0,,,
Card,,bcf32e,0,,,
Card,,53cfa5,0,,,
Card,,2537f6,0,,,
Card,,42d316,0,,,
Card,,ee50c2,0,,,
Card,,75d9a6,0,,,
Card,,981a3b,0,,,
Card,,29b1c5,0,,,
Card,,4df9c8,0,,,
Card,,44c218,0,,,
Card,,596d7c,0,,,
Card,,dc8618,0,,,
Card,,0da5a4,0,,,
Card,,f7644b,0,,,
Card,,1c0bf5,0,,,
Card,,dadf0f,0,,,
Card,,f32fae,0,,,
Card,,392045,0,,,
Card,,d25833,0,,,
Card,,f0a066,0,,,
Card,,61d81b,0,,,
Card,,7473ff,0,,,
Card,,fc8bc1,0,,,
Card,,9cb2b5,0,,,
Card,,0c111e,0,,,
Card,,e66886,0,,,
Card,,858121,0,,,
Card,,be81fd,0,,,
Card,,005218,0,,,
Card,,a22714,0,,,
Card,,256535,0,,,
Card,,fefd5b,0,,,
Card,,7254e7,0,,,
DeckCustom,,3751b3,74,,https://steamusercontent-a.akamaihd.net/ugc/15107299668707775121/4CD79FA697A7AE138ED150E5E7DA44E0B5A06BA2/,https://steamusercontent-a.akamaihd.net/ugc/9660329485495118215/79706F5440BE039382383ECA3B64296585B2B4C1/
DeckCustom [子卡],,,,,https://steamusercontent-a.akamaihd.net/ugc/15107299668707775121/4CD79FA697A7AE138ED150E5E7DA44E0B5A06BA2/,
DeckCustom [子卡],,,,,https://steamusercontent-a.akamaihd.net/ugc/15107299668707775121/4CD79FA697A7AE138ED150E5E7DA44E0B5A06BA2/,
DeckCustom [子卡],,,,,https://steamusercontent-a.akamaihd.net/ugc/15107299668707775121/4CD79FA697A7AE138ED150E5E7DA44E0B5A06BA2/,
DeckCustom [子卡],,,,,https://steamusercontent-a.akamaihd.net/ugc/15107299668707775121/4CD79FA697A7AE138ED150E5E7DA44E0B5A06BA2/,
DeckCustom [子卡],,,,,https://steamusercontent-a.akamaihd.net/ugc/15107299668707775121/4CD79FA697A7AE138ED150E5E7DA44E0B5A06BA2/,
DeckCustom [子卡],,,,,https://steamusercontent-a.akamaihd.net/ugc/15107299668707775121/4CD79FA697A7AE138ED150E5E7DA44E0B5A06BA2/,
DeckCustom [子卡],,,,,https://steamusercontent-a.akamaihd.net/ugc/15107299668707775121/4CD79FA697A7AE138ED150E5E7DA44E0B5A06BA2/,
DeckCustom [子卡],,,,,https://steamusercontent-a.akamaihd.net/ugc/15107299668707775121/4CD79FA697A7AE138ED150E5E7DA44E0B5A06BA2/,
DeckCustom [子卡],,,,,https://steamusercontent-a.akamaihd.net/ugc/15107299668707775121/4CD79FA697A7AE138ED150E5E7DA44E0B5A06BA2/,
DeckCustom [子卡],,,,,https://steamusercontent-a.akamaihd.net/ugc/15107299668707775121/4CD79FA697A7AE138ED150E5E7DA44E0B5A06BA2/,
DeckCustom [子卡],,,,,https://steamusercontent-a.akamaihd.net/ugc/15107299668707775121/4CD79FA697A7AE138ED150E5E7DA44E0B5A06BA2/,
DeckCustom [子卡],,,,,https://steamusercontent-a.akamaihd.net/ugc/15107299668707775121/4CD79FA697A7AE138ED150E5E7DA44E0B5A06BA2/,
DeckCustom [子卡],,,,,https://steamusercontent-a.akamaihd.net/ugc/15107299668707775121/4CD79FA697A7AE138ED150E5E7DA44E0B5A06BA2/,
DeckCustom [子卡],,,,,https://steamusercontent-a.akamaihd.net/ugc/15107299668707775121/4CD79FA697A7AE138ED150E5E7DA44E0B5A06BA2/,
DeckCustom [子卡],,,,,https://steamusercontent-a.akamaihd.net/ugc/15107299668707775121/4CD79FA697A7AE138ED150E5E7DA44E0B5A06BA2/,
DeckCustom [子卡],,,,,https://steamusercontent-a.akamaihd.net/ugc/15107299668707775121/4CD79FA697A7AE138ED150E5E7DA44E0B5A06BA2/,
DeckCustom [子卡],,,,,https://steamusercontent-a.akamaihd.net/ugc/15107299668707775121/4CD79FA697A7AE138ED150E5E7DA44E0B5A06BA2/,
DeckCustom [子卡],,,,,https://steamusercontent-a.akamaihd.net/ugc/15107299668707775121/4CD79FA697A7AE138ED150E5E7DA44E0B5A06BA2/,
DeckCustom [子卡],,,,,https://steamusercontent-a.akamaihd.net/ugc/15107299668707775121/4CD79FA697A7AE138ED150E5E7DA44E0B5A06BA2/,
DeckCustom [子卡],,,,,https://steamusercontent-a.akamaihd.net/ugc/15107299668707775121/4CD79FA697A7AE138ED150E5E7DA44E0B5A06BA2/,
DeckCustom [子卡],,,,,https://steamusercontent-a.akamaihd.net/ugc/15107299668707775121/4CD79FA697A7AE138ED150E5E7DA44E0B5A06BA2/,
DeckCustom [子卡],,,,,https://steamusercontent-a.akamaihd.net/ugc/15107299668707775121/4CD79FA697A7AE138ED150E5E7DA44E0B5A06BA2/,
DeckCustom [子卡],,,,,https://steamusercontent-a.akamaihd.net/ugc/15107299668707775121/4CD79FA697A7AE138ED150E5E7DA44E0B5A06BA2/,
DeckCustom [子卡],,,,,,
DeckCustom [子卡],,,,,,
DeckCustom [子卡],,,,,,
DeckCustom [子卡],,,,,,
DeckCustom [子卡],,,,,,
DeckCustom [子卡],,,,,,
DeckCustom [子卡],,,,,,
DeckCustom [子卡],,,,,,
DeckCustom [子卡],,,,,,
DeckCustom [子卡],,,,,,
DeckCustom [子卡],,,,,,
DeckCustom [子卡],,,,,,
DeckCustom [子卡],,,,,,
DeckCustom [子卡],,,,,,
DeckCustom [子卡],,,,,,
DeckCustom [子卡],,,,,,
DeckCustom [子卡],,,,,,
DeckCustom [子卡],,,,,,
DeckCustom [子卡],,,,,,
DeckCustom [子卡],,,,,,
DeckCustom [子卡],,,,,,
DeckCustom [子卡],,,,,,
DeckCustom [子卡],,,,,,
DeckCustom [子卡],,,,,https://steamusercontent-a.akamaihd.net/ugc/15107299668707775121/4CD79FA697A7AE138ED150E5E7DA44E0B5A06BA2/,
DeckCustom [子卡],,,,,,
DeckCustom [子卡],,,,,,
DeckCustom [子卡],,,,,,
DeckCustom [子卡],,,,,,
DeckCustom [子卡],,,,,,
DeckCustom [子卡],,,,,https://steamusercontent-a.akamaihd.net/ugc/15107299668707775121/4CD79FA697A7AE138ED150E5E7DA44E0B5A06BA2/,
DeckCustom [子卡],,,,,,
DeckCustom [子卡],,,,,,
DeckCustom [子卡],,,,,,
DeckCustom [子卡],,,,,,
DeckCustom [子卡],,,,,,
DeckCustom [子卡],,,,,,
DeckCustom [子卡],,,,,,
DeckCustom [子卡],,,,,,
DeckCustom [子卡],,,,,,
DeckCustom [子卡],,,,,,
DeckCustom [子卡],,,,,,
DeckCustom [子卡],,,,,,
DeckCustom [子卡],,,,,,
DeckCustom [子卡],,,,,,
DeckCustom [子卡],,,,,,
DeckCustom [子卡],,,,,,
DeckCustom [子卡],,,,,,
DeckCustom [子卡],,,,,,
DeckCustom [子卡],,,,,,
DeckCustom [子卡],,,,,,
DeckCustom [子卡],,,,,https://steamusercontent-a.akamaihd.net/ugc/15107299668707775121/4CD79FA697A7AE138ED150E5E7DA44E0B5A06BA2/,
Card,,4c48c6,0,,https://steamusercontent-a.akamaihd.net/ugc/15107299668707775121/4CD79FA697A7AE138ED150E5E7DA44E0B5A06BA2/,https://steamusercontent-a.akamaihd.net/ugc/9660329485495118215/79706F5440BE039382383ECA3B64296585B2B4C1/
Card,,32ed58,0,,https://steamusercontent-a.akamaihd.net/ugc/15107299668707775121/4CD79FA697A7AE138ED150E5E7DA44E0B5A06BA2/,https://steamusercontent-a.akamaihd.net/ugc/9660329485495118215/79706F5440BE039382383ECA3B64296585B2B4C1/
Card,,3895c9,0,,https://steamusercontent-a.akamaihd.net/ugc/15107299668707775121/4CD79FA697A7AE138ED150E5E7DA44E0B5A06BA2/,https://steamusercontent-a.akamaihd.net/ugc/9660329485495118215/79706F5440BE039382383ECA3B64296585B2B4C1/
Card,,b83552,0,,https://steamusercontent-a.akamaihd.net/ugc/15107299668707775121/4CD79FA697A7AE138ED150E5E7DA44E0B5A06BA2/,https://steamusercontent-a.akamaihd.net/ugc/9660329485495118215/79706F5440BE039382383ECA3B64296585B2B4C1/
Card,,4c48c6,0,,https://steamusercontent-a.akamaihd.net/ugc/15107299668707775121/4CD79FA697A7AE138ED150E5E7DA44E0B5A06BA2/,https://steamusercontent-a.akamaihd.net/ugc/9660329485495118215/79706F5440BE039382383ECA3B64296585B2B4C1/
Card,,098ee5,0,,https://steamusercontent-a.akamaihd.net/ugc/15107299668707775121/4CD79FA697A7AE138ED150E5E7DA44E0B5A06BA2/,https://steamusercontent-a.akamaihd.net/ugc/9660329485495118215/79706F5440BE039382383ECA3B64296585B2B4C1/
Card,,eed005,0,,https://steamusercontent-a.akamaihd.net/ugc/15107299668707775121/4CD79FA697A7AE138ED150E5E7DA44E0B5A06BA2/,https://steamusercontent-a.akamaihd.net/ugc/9660329485495118215/79706F5440BE039382383ECA3B64296585B2B4C1/
Card,,1ac87f,0,,https://steamusercontent-a.akamaihd.net/ugc/15107299668707775121/4CD79FA697A7AE138ED150E5E7DA44E0B5A06BA2/,https://steamusercontent-a.akamaihd.net/ugc/9660329485495118215/79706F5440BE039382383ECA3B64296585B2B4C1/
Card,,62bc4a,0,,https://steamusercontent-a.akamaihd.net/ugc/15107299668707775121/4CD79FA697A7AE138ED150E5E7DA44E0B5A06BA2/,https://steamusercontent-a.akamaihd.net/ugc/9660329485495118215/79706F5440BE039382383ECA3B64296585B2B4C1/
Card,,7efda2,0,,https://steamusercontent-a.akamaihd.net/ugc/15107299668707775121/4CD79FA697A7AE138ED150E5E7DA44E0B5A06BA2/,https://steamusercontent-a.akamaihd.net/ugc/9660329485495118215/79706F5440BE039382383ECA3B64296585B2B4C1/
Card,,598c9b,0,,https://steamusercontent-a.akamaihd.net/ugc/15107299668707775121/4CD79FA697A7AE138ED150E5E7DA44E0B5A06BA2/,https://steamusercontent-a.akamaihd.net/ugc/9660329485495118215/79706F5440BE039382383ECA3B64296585B2B4C1/
Card,,eed005,0,,https://steamusercontent-a.akamaihd.net/ugc/15107299668707775121/4CD79FA697A7AE138ED150E5E7DA44E0B5A06BA2/,https://steamusercontent-a.akamaihd.net/ugc/9660329485495118215/79706F5440BE039382383ECA3B64296585B2B4C1/
Card,,6c5302,0,,https://steamusercontent-a.akamaihd.net/ugc/15107299668707775121/4CD79FA697A7AE138ED150E5E7DA44E0B5A06BA2/,https://steamusercontent-a.akamaihd.net/ugc/9660329485495118215/79706F5440BE039382383ECA3B64296585B2B4C1/
Card,,3c3586,0,,https://steamusercontent-a.akamaihd.net/ugc/15107299668707775121/4CD79FA697A7AE138ED150E5E7DA44E0B5A06BA2/,https://steamusercontent-a.akamaihd.net/ugc/9660329485495118215/79706F5440BE039382383ECA3B64296585B2B4C1/
Card,,7cffff,0,,https://steamusercontent-a.akamaihd.net/ugc/15107299668707775121/4CD79FA697A7AE138ED150E5E7DA44E0B5A06BA2/,https://steamusercontent-a.akamaihd.net/ugc/9660329485495118215/79706F5440BE039382383ECA3B64296585B2B4C1/
Card,,90bd38,0,,https://steamusercontent-a.akamaihd.net/ugc/15107299668707775121/4CD79FA697A7AE138ED150E5E7DA44E0B5A06BA2/,https://steamusercontent-a.akamaihd.net/ugc/9660329485495118215/79706F5440BE039382383ECA3B64296585B2B4C1/
Card,,a17599,0,,https://steamusercontent-a.akamaihd.net/ugc/15107299668707775121/4CD79FA697A7AE138ED150E5E7DA44E0B5A06BA2/,https://steamusercontent-a.akamaihd.net/ugc/9660329485495118215/79706F5440BE039382383ECA3B64296585B2B4C1/
Card,,783638,0,,https://steamusercontent-a.akamaihd.net/ugc/15107299668707775121/4CD79FA697A7AE138ED150E5E7DA44E0B5A06BA2/,https://steamusercontent-a.akamaihd.net/ugc/9660329485495118215/79706F5440BE039382383ECA3B64296585B2B4C1/
Card,,2a1fb4,0,,https://steamusercontent-a.akamaihd.net/ugc/15107299668707775121/4CD79FA697A7AE138ED150E5E7DA44E0B5A06BA2/,https://steamusercontent-a.akamaihd.net/ugc/9660329485495118215/79706F5440BE039382383ECA3B64296585B2B4C1/
Card,,57508e,0,,https://steamusercontent-a.akamaihd.net/ugc/15107299668707775121/4CD79FA697A7AE138ED150E5E7DA44E0B5A06BA2/,https://steamusercontent-a.akamaihd.net/ugc/9660329485495118215/79706F5440BE039382383ECA3B64296585B2B4C1/
Card,,e28b65,0,,https://steamusercontent-a.akamaihd.net/ugc/15107299668707775121/4CD79FA697A7AE138ED150E5E7DA44E0B5A06BA2/,https://steamusercontent-a.akamaihd.net/ugc/9660329485495118215/79706F5440BE039382383ECA3B64296585B2B4C1/
Card,,9de84d,0,,https://steamusercontent-a.akamaihd.net/ugc/15107299668707775121/4CD79FA697A7AE138ED150E5E7DA44E0B5A06BA2/,https://steamusercontent-a.akamaihd.net/ugc/9660329485495118215/79706F5440BE039382383ECA3B64296585B2B4C1/
Card,,d52b35,0,,https://steamusercontent-a.akamaihd.net/ugc/15107299668707775121/4CD79FA697A7AE138ED150E5E7DA44E0B5A06BA2/,https://steamusercontent-a.akamaihd.net/ugc/9660329485495118215/79706F5440BE039382383ECA3B64296585B2B4C1/
Card,,324318,0,,,
Card,,07d7d1,0,,,
Card,,3758cc,0,,,
Card,,8126ca,0,,,
Card,,1779f4,0,,,
Card,,b7b96d,0,,,
Card,,6914e2,0,,,
Card,,c03669,0,,,
Card,,32a1cb,0,,,
Card,,a1ad10,0,,,
Card,,97b763,0,,,
Card,,0a588b,0,,,
Card,,e0a5d5,0,,,
Card,,c493d4,0,,,
Card,,9bd570,0,,,
Card,,e138ef,0,,,
Card,,505db2,0,,,
Card,,7851e7,0,,,
Card,,d70321,0,,,
Card,,3a9c98,0,,,
Card,,f7592c,0,,,
Card,,337b13,0,,,
Card,,ee407d,0,,,
Card,,40a4d4,0,,https://steamusercontent-a.akamaihd.net/ugc/15107299668707775121/4CD79FA697A7AE138ED150E5E7DA44E0B5A06BA2/,https://steamusercontent-a.akamaihd.net/ugc/9660329485495118215/79706F5440BE039382383ECA3B64296585B2B4C1/
Card,,2fb810,0,,,
Card,,329182,0,,,
Card,,35ccc7,0,,,
Card,,63d11b,0,,,
Card,,43bfab,0,,,
Card,,0563e8,0,,https://steamusercontent-a.akamaihd.net/ugc/15107299668707775121/4CD79FA697A7AE138ED150E5E7DA44E0B5A06BA2/,https://steamusercontent-a.akamaihd.net/ugc/9660329485495118215/79706F5440BE039382383ECA3B64296585B2B4C1/
Card,,6c21a7,0,,,
Card,,d2eb19,0,,,
Card,,7887f1,0,,,
Card,,a1d68a,0,,,
Card,,4f0d0f,0,,,
Card,,a387ad,0,,,
Card,,07b0b7,0,,,
Card,,cb3fc5,0,,,
Card,,eaca55,0,,,
Card,,d0e8d0,0,,,
Card,,29ffbd,0,,,
Card,,c4d64f,0,,,
Card,,95b995,0,,,
Card,,bd8fd5,0,,,
Card,,247e9d,0,,,
Card,,0054ef,0,,,
Card,,42e5fe,0,,,
Card,,14c272,0,,,
Card,,aa45c8,0,,,
Card,,79cc59,0,,,
Card,,7fcbf2,0,,https://steamusercontent-a.akamaihd.net/ugc/15107299668707775121/4CD79FA697A7AE138ED150E5E7DA44E0B5A06BA2/,https://steamusercontent-a.akamaihd.net/ugc/9660329485495118215/79706F5440BE039382383ECA3B64296585B2B4C1/
DeckCustom,,b76de4,72,,https://steamusercontent-a.akamaihd.net/ugc/9877167445660033428/0021BFB65ED27DC09B2776CCEBCEAAC560C6DC1E/,https://steamusercontent-a.akamaihd.net/ugc/17542857167244573751/06457EC0D17D4EDC5C12BBD3330F215502313D99/
DeckCustom [子卡],,,,,https://steamusercontent-a.akamaihd.net/ugc/9877167445660033428/0021BFB65ED27DC09B2776CCEBCEAAC560C6DC1E/,
DeckCustom [子卡],,,,,https://steamusercontent-a.akamaihd.net/ugc/9877167445660033428/0021BFB65ED27DC09B2776CCEBCEAAC560C6DC1E/,
DeckCustom [子卡],,,,,https://steamusercontent-a.akamaihd.net/ugc/9877167445660033428/0021BFB65ED27DC09B2776CCEBCEAAC560C6DC1E/,
DeckCustom [子卡],,,,,https://steamusercontent-a.akamaihd.net/ugc/9877167445660033428/0021BFB65ED27DC09B2776CCEBCEAAC560C6DC1E/,
DeckCustom [子卡],,,,,https://steamusercontent-a.akamaihd.net/ugc/9877167445660033428/0021BFB65ED27DC09B2776CCEBCEAAC560C6DC1E/,
DeckCustom [子卡],,,,,https://steamusercontent-a.akamaihd.net/ugc/9877167445660033428/0021BFB65ED27DC09B2776CCEBCEAAC560C6DC1E/,
DeckCustom [子卡],,,,,https://steamusercontent-a.akamaihd.net/ugc/9877167445660033428/0021BFB65ED27DC09B2776CCEBCEAAC560C6DC1E/,
DeckCustom [子卡],,,,,https://steamusercontent-a.akamaihd.net/ugc/9877167445660033428/0021BFB65ED27DC09B2776CCEBCEAAC560C6DC1E/,
DeckCustom [子卡],,,,,https://steamusercontent-a.akamaihd.net/ugc/9877167445660033428/0021BFB65ED27DC09B2776CCEBCEAAC560C6DC1E/,
DeckCustom [子卡],,,,,https://steamusercontent-a.akamaihd.net/ugc/9877167445660033428/0021BFB65ED27DC09B2776CCEBCEAAC560C6DC1E/,
DeckCustom [子卡],,,,,https://steamusercontent-a.akamaihd.net/ugc/9877167445660033428/0021BFB65ED27DC09B2776CCEBCEAAC560C6DC1E/,
DeckCustom [子卡],,,,,https://steamusercontent-a.akamaihd.net/ugc/9877167445660033428/0021BFB65ED27DC09B2776CCEBCEAAC560C6DC1E/,
DeckCustom [子卡],,,,,https://steamusercontent-a.akamaihd.net/ugc/9877167445660033428/0021BFB65ED27DC09B2776CCEBCEAAC560C6DC1E/,
DeckCustom [子卡],,,,,https://steamusercontent-a.akamaihd.net/ugc/9877167445660033428/0021BFB65ED27DC09B2776CCEBCEAAC560C6DC1E/,
DeckCustom [子卡],,,,,https://steamusercontent-a.akamaihd.net/ugc/9877167445660033428/0021BFB65ED27DC09B2776CCEBCEAAC560C6DC1E/,
DeckCustom [子卡],,,,,https://steamusercontent-a.akamaihd.net/ugc/9877167445660033428/0021BFB65ED27DC09B2776CCEBCEAAC560C6DC1E/,
DeckCustom [子卡],,,,,https://steamusercontent-a.akamaihd.net/ugc/9877167445660033428/0021BFB65ED27DC09B2776CCEBCEAAC560C6DC1E/,
DeckCustom [子卡],,,,,https://steamusercontent-a.akamaihd.net/ugc/9877167445660033428/0021BFB65ED27DC09B2776CCEBCEAAC560C6DC1E/,
DeckCustom [子卡],,,,,https://steamusercontent-a.akamaihd.net/ugc/9877167445660033428/0021BFB65ED27DC09B2776CCEBCEAAC560C6DC1E/,
DeckCustom [子卡],,,,,https://steamusercontent-a.akamaihd.net/ugc/9877167445660033428/0021BFB65ED27DC09B2776CCEBCEAAC560C6DC1E/,
DeckCustom [子卡],,,,,https://steamusercontent-a.akamaihd.net/ugc/9877167445660033428/0021BFB65ED27DC09B2776CCEBCEAAC560C6DC1E/,
DeckCustom [子卡],,,,,https://steamusercontent-a.akamaihd.net/ugc/9877167445660033428/0021BFB65ED27DC09B2776CCEBCEAAC560C6DC1E/,
DeckCustom [子卡],,,,,https://steamusercontent-a.akamaihd.net/ugc/9877167445660033428/0021BFB65ED27DC09B2776CCEBCEAAC560C6DC1E/,
DeckCustom [子卡],,,,,https://steamusercontent-a.akamaihd.net/ugc/9877167445660033428/0021BFB65ED27DC09B2776CCEBCEAAC560C6DC1E/,
DeckCustom [子卡],,,,,,
DeckCustom [子卡],,,,,,
DeckCustom [子卡],,,,,,
DeckCustom [子卡],,,,,,
DeckCustom [子卡],,,,,,
DeckCustom [子卡],,,,,,
DeckCustom [子卡],,,,,,
DeckCustom [子卡],,,,,,
DeckCustom [子卡],,,,,,
DeckCustom [子卡],,,,,,
DeckCustom [子卡],,,,,,
DeckCustom [子卡],,,,,,
DeckCustom [子卡],,,,,,
DeckCustom [子卡],,,,,,
DeckCustom [子卡],,,,,,
DeckCustom [子卡],,,,,,
DeckCustom [子卡],,,,,,
DeckCustom [子卡],,,,,,
DeckCustom [子卡],,,,,,
DeckCustom [子卡],,,,,,
DeckCustom [子卡],,,,,,
DeckCustom [子卡],,,,,,
DeckCustom [子卡],,,,,,
DeckCustom [子卡],,,,,,
DeckCustom [子卡],,,,,,
DeckCustom [子卡],,,,,,
DeckCustom [子卡],,,,,,
DeckCustom [子卡],,,,,,
DeckCustom [子卡],,,,,,
DeckCustom [子卡],,,,,,
DeckCustom [子卡],,,,,,
DeckCustom [子卡],,,,,,
DeckCustom [子卡],,,,,,
DeckCustom [子卡],,,,,,
DeckCustom [子卡],,,,,,
DeckCustom [子卡],,,,,,
DeckCustom [子卡],,,,,,
DeckCustom [子卡],,,,,,
DeckCustom [子卡],,,,,,
DeckCustom [子卡],,,,,,
DeckCustom [子卡],,,,,,
DeckCustom [子卡],,,,,,
DeckCustom [子卡],,,,,,
DeckCustom [子卡],,,,,,
DeckCustom [子卡],,,,,,
DeckCustom [子卡],,,,,,
DeckCustom [子卡],,,,,,
DeckCustom [子卡],,,,,https://steamusercontent-a.akamaihd.net/ugc/9877167445660033428/0021BFB65ED27DC09B2776CCEBCEAAC560C6DC1E/,
Card,,ec4560,0,,https://steamusercontent-a.akamaihd.net/ugc/9877167445660033428/0021BFB65ED27DC09B2776CCEBCEAAC560C6DC1E/,https://steamusercontent-a.akamaihd.net/ugc/17542857167244573751/06457EC0D17D4EDC5C12BBD3330F215502313D99/
Card,,344f32,0,,https://steamusercontent-a.akamaihd.net/ugc/9877167445660033428/0021BFB65ED27DC09B2776CCEBCEAAC560C6DC1E/,https://steamusercontent-a.akamaihd.net/ugc/17542857167244573751/06457EC0D17D4EDC5C12BBD3330F215502313D99/
Card,,2fa1ee,0,,https://steamusercontent-a.akamaihd.net/ugc/9877167445660033428/0021BFB65ED27DC09B2776CCEBCEAAC560C6DC1E/,https://steamusercontent-a.akamaihd.net/ugc/17542857167244573751/06457EC0D17D4EDC5C12BBD3330F215502313D99/
Card,,ae2c65,0,,https://steamusercontent-a.akamaihd.net/ugc/9877167445660033428/0021BFB65ED27DC09B2776CCEBCEAAC560C6DC1E/,https://steamusercontent-a.akamaihd.net/ugc/17542857167244573751/06457EC0D17D4EDC5C12BBD3330F215502313D99/
Card,,ec4560,0,,https://steamusercontent-a.akamaihd.net/ugc/9877167445660033428/0021BFB65ED27DC09B2776CCEBCEAAC560C6DC1E/,https://steamusercontent-a.akamaihd.net/ugc/17542857167244573751/06457EC0D17D4EDC5C12BBD3330F215502313D99/
Card,,11d146,0,,https://steamusercontent-a.akamaihd.net/ugc/9877167445660033428/0021BFB65ED27DC09B2776CCEBCEAAC560C6DC1E/,https://steamusercontent-a.akamaihd.net/ugc/17542857167244573751/06457EC0D17D4EDC5C12BBD3330F215502313D99/
Card,,efd4a5,0,,https://steamusercontent-a.akamaihd.net/ugc/9877167445660033428/0021BFB65ED27DC09B2776CCEBCEAAC560C6DC1E/,https://steamusercontent-a.akamaihd.net/ugc/17542857167244573751/06457EC0D17D4EDC5C12BBD3330F215502313D99/
Card,,f4152d,0,,https://steamusercontent-a.akamaihd.net/ugc/9877167445660033428/0021BFB65ED27DC09B2776CCEBCEAAC560C6DC1E/,https://steamusercontent-a.akamaihd.net/ugc/17542857167244573751/06457EC0D17D4EDC5C12BBD3330F215502313D99/
Card,,4c1101,0,,https://steamusercontent-a.akamaihd.net/ugc/9877167445660033428/0021BFB65ED27DC09B2776CCEBCEAAC560C6DC1E/,https://steamusercontent-a.akamaihd.net/ugc/17542857167244573751/06457EC0D17D4EDC5C12BBD3330F215502313D99/
Card,,560555,0,,https://steamusercontent-a.akamaihd.net/ugc/9877167445660033428/0021BFB65ED27DC09B2776CCEBCEAAC560C6DC1E/,https://steamusercontent-a.akamaihd.net/ugc/17542857167244573751/06457EC0D17D4EDC5C12BBD3330F215502313D99/
Card,,2b1ad5,0,,https://steamusercontent-a.akamaihd.net/ugc/9877167445660033428/0021BFB65ED27DC09B2776CCEBCEAAC560C6DC1E/,https://steamusercontent-a.akamaihd.net/ugc/17542857167244573751/06457EC0D17D4EDC5C12BBD3330F215502313D99/
Card,,47e310,0,,https://steamusercontent-a.akamaihd.net/ugc/9877167445660033428/0021BFB65ED27DC09B2776CCEBCEAAC560C6DC1E/,https://steamusercontent-a.akamaihd.net/ugc/17542857167244573751/06457EC0D17D4EDC5C12BBD3330F215502313D99/
Card,,28103f,0,,https://steamusercontent-a.akamaihd.net/ugc/9877167445660033428/0021BFB65ED27DC09B2776CCEBCEAAC560C6DC1E/,https://steamusercontent-a.akamaihd.net/ugc/17542857167244573751/06457EC0D17D4EDC5C12BBD3330F215502313D99/
Card,,2ee5d4,0,,https://steamusercontent-a.akamaihd.net/ugc/9877167445660033428/0021BFB65ED27DC09B2776CCEBCEAAC560C6DC1E/,https://steamusercontent-a.akamaihd.net/ugc/17542857167244573751/06457EC0D17D4EDC5C12BBD3330F215502313D99/
Card,,560555,0,,https://steamusercontent-a.akamaihd.net/ugc/9877167445660033428/0021BFB65ED27DC09B2776CCEBCEAAC560C6DC1E/,https://steamusercontent-a.akamaihd.net/ugc/17542857167244573751/06457EC0D17D4EDC5C12BBD3330F215502313D99/
Card,,9594d1,0,,https://steamusercontent-a.akamaihd.net/ugc/9877167445660033428/0021BFB65ED27DC09B2776CCEBCEAAC560C6DC1E/,https://steamusercontent-a.akamaihd.net/ugc/17542857167244573751/06457EC0D17D4EDC5C12BBD3330F215502313D99/
Card,,3dee70,0,,https://steamusercontent-a.akamaihd.net/ugc/9877167445660033428/0021BFB65ED27DC09B2776CCEBCEAAC560C6DC1E/,https://steamusercontent-a.akamaihd.net/ugc/17542857167244573751/06457EC0D17D4EDC5C12BBD3330F215502313D99/
Card,,acc802,0,,https://steamusercontent-a.akamaihd.net/ugc/9877167445660033428/0021BFB65ED27DC09B2776CCEBCEAAC560C6DC1E/,https://steamusercontent-a.akamaihd.net/ugc/17542857167244573751/06457EC0D17D4EDC5C12BBD3330F215502313D99/
Card,,b3514c,0,,https://steamusercontent-a.akamaihd.net/ugc/9877167445660033428/0021BFB65ED27DC09B2776CCEBCEAAC560C6DC1E/,https://steamusercontent-a.akamaihd.net/ugc/17542857167244573751/06457EC0D17D4EDC5C12BBD3330F215502313D99/
Card,,7bdf46,0,,https://steamusercontent-a.akamaihd.net/ugc/9877167445660033428/0021BFB65ED27DC09B2776CCEBCEAAC560C6DC1E/,https://steamusercontent-a.akamaihd.net/ugc/17542857167244573751/06457EC0D17D4EDC5C12BBD3330F215502313D99/
Card,,8d0d61,0,,https://steamusercontent-a.akamaihd.net/ugc/9877167445660033428/0021BFB65ED27DC09B2776CCEBCEAAC560C6DC1E/,https://steamusercontent-a.akamaihd.net/ugc/17542857167244573751/06457EC0D17D4EDC5C12BBD3330F215502313D99/
Card,,24b224,0,,https://steamusercontent-a.akamaihd.net/ugc/9877167445660033428/0021BFB65ED27DC09B2776CCEBCEAAC560C6DC1E/,https://steamusercontent-a.akamaihd.net/ugc/17542857167244573751/06457EC0D17D4EDC5C12BBD3330F215502313D99/
Card,,b8a8f1,0,,https://steamusercontent-a.akamaihd.net/ugc/9877167445660033428/0021BFB65ED27DC09B2776CCEBCEAAC560C6DC1E/,https://steamusercontent-a.akamaihd.net/ugc/17542857167244573751/06457EC0D17D4EDC5C12BBD3330F215502313D99/
Card,,8d0d61,0,,https://steamusercontent-a.akamaihd.net/ugc/9877167445660033428/0021BFB65ED27DC09B2776CCEBCEAAC560C6DC1E/,https://steamusercontent-a.akamaihd.net/ugc/17542857167244573751/06457EC0D17D4EDC5C12BBD3330F215502313D99/
Card,,36010f,0,,,
Card,,3dbe15,0,,,
Card,,026ee7,0,,,
Card,,cbb12c,0,,,
Card,,b9adbb,0,,,
Card,,83cd4b,0,,,
Card,,4d377f,0,,,
Card,,840595,0,,,
Card,,bb4e40,0,,,
Card,,770779,0,,,
Card,,d60673,0,,,
Card,,eaa163,0,,,
Card,,50aecf,0,,,
Card,,e70943,0,,,
Card,,34cf69,0,,,
Card,,8d1dab,0,,,
Card,,5ecf3b,0,,,
Card,,abba72,0,,,
Card,,0142ef,0,,,
Card,,454bd3,0,,,
Card,,c72c0e,0,,,
Card,,569267,0,,,
Card,,40b2a7,0,,,
Card,,373271,0,,,
Card,,45f871,0,,,
Card,,ebb039,0,,,
Card,,6a56eb,0,,,
Card,,a5033e,0,,,
Card,,dfae94,0,,,
Card,,3fa6b0,0,,,
Card,,34fc5e,0,,,
Card,,732340,0,,,
Card,,6f0abd,0,,,
Card,,dc30b7,0,,,
Card,,74ca65,0,,,
Card,,5e8aea,0,,,
Card,,cae94b,0,,,
Card,,169c77,0,,,
Card,,2c23bd,0,,,
Card,,76c260,0,,,
Card,,938c33,0,,,
Card,,926f99,0,,,
Card,,7c3ddd,0,,,
Card,,708393,0,,,
Card,,e6863d,0,,,
Card,,ad1310,0,,,
Card,,01ae0b,0,,,
Card,,de777b,0,,https://steamusercontent-a.akamaihd.net/ugc/9877167445660033428/0021BFB65ED27DC09B2776CCEBCEAAC560C6DC1E/,https://steamusercontent-a.akamaihd.net/ugc/17542857167244573751/06457EC0D17D4EDC5C12BBD3330F215502313D99/
DeckCustom,,5bbd22,5,,https://steamusercontent-a.akamaihd.net/ugc/12046617467271374826/50C6266E7D92870F3BB5D977BD4CA96A6CFC57C8/,https://steamusercontent-a.akamaihd.net/ugc/15596065229435097165/82CCF1FF9150BE2E968D998D892B3D40CB8F54EC/
DeckCustom [子卡],,,,,,
DeckCustom [子卡],,,,,,
DeckCustom [子卡],,,,,,
DeckCustom [子卡],,,,,,
DeckCustom [子卡],,,,,,
Card,,eb9ebe,0,,,
Card,,551974,0,,,
Card,,872be6,0,,,
Card,,adffa7,0,,,
Card,,ac79b6,0,,,
Deck,,ba4dee,4,,https://steamusercontent-a.akamaihd.net/ugc/9988819456930573157/E5475D2DEE9655F00DACFAA90AD508A83399816B/,https://steamusercontent-a.akamaihd.net/ugc/9660329485495118215/79706F5440BE039382383ECA3B64296585B2B4C1/
Deck [子卡],,,,,,
Deck [子卡],,,,,,
Deck [子卡],,,,,,
Deck [子卡],,,,,https://steamusercontent-a.akamaihd.net/ugc/9988819456930573157/E5475D2DEE9655F00DACFAA90AD508A83399816B/,
Card,,4b09ee,0,,,
Card,,af86aa,0,,,
Card,,2a3606,0,,,
Card,,7948a3,0,,https://steamusercontent-a.akamaihd.net/ugc/9988819456930573157/E5475D2DEE9655F00DACFAA90AD508A83399816B/,https://steamusercontent-a.akamaihd.net/ugc/9660329485495118215/79706F5440BE039382383ECA3B64296585B2B4C1/
Deck,,f795f7,5,,https://steamusercontent-a.akamaihd.net/ugc/9258118311078123598/2FC5A77409CD8D2B9BAA436D0CBABC1AF80D25E7/,https://steamusercontent-a.akamaihd.net/ugc/17542857167244573751/06457EC0D17D4EDC5C12BBD3330F215502313D99/
Deck [子卡],,,,,,
Deck [子卡],,,,,,
Deck [子卡],,,,,,
Deck [子卡],,,,,,
Deck [子卡],,,,,,
Card,,a8baee,0,,,
Card,,30eaaa,0,,,
Card,,11aa41,0,,,
Card,,d0e697,0,,,
Card,,73c470,0,,,
Deck,,5adc94,6,,https://steamusercontent-a.akamaihd.net/ugc/12197591967814661862/DE1E3F18224FD91153EF0DA1D0654FC6479CB0F4/,https://steamusercontent-a.akamaihd.net/ugc/13257287814674214894/A8B620529EAB9437DCF00B895F3368FF0AB2FBD6/
Deck [子卡],,,,,,
Deck [子卡],,,,,,
Deck [子卡],,,,,,
Deck [子卡],,,,,,
Deck [子卡],,,,,,
Deck [子卡],,,,,,
Card,,83db71,0,,,
Card,,a294e2,0,,,
Card,,e3da16,0,,,
Card,,4b12a9,0,,,
Card,,8b7c97,0,,,
Card,,704add,0,,,
Deck,,2695f8,5,,https://steamusercontent-a.akamaihd.net/ugc/10903406245812804863/290B1ECB74C655BE0ABE965160DE2125F99817CF/,https://steamusercontent-a.akamaihd.net/ugc/12636033598014099589/E8FD1C6098B58ED175C428F35F375807E91D890D/
Deck [子卡],,,,,,
Deck [子卡],,,,,,
Deck [子卡],,,,,,
Deck [子卡],,,,,https://steamusercontent-a.akamaihd.net/ugc/10903406245812804863/290B1ECB74C655BE0ABE965160DE2125F99817CF/,
Deck [子卡],,,,,https://steamusercontent-a.akamaihd.net/ugc/10903406245812804863/290B1ECB74C655BE0ABE965160DE2125F99817CF/,
Card,,0b4086,0,,,
Card,,f40ab9,0,,,
Card,,35b23e,0,,,
Card,,46ca85,0,,https://steamusercontent-a.akamaihd.net/ugc/10903406245812804863/290B1ECB74C655BE0ABE965160DE2125F99817CF/,https://steamusercontent-a.akamaihd.net/ugc/12636033598014099589/E8FD1C6098B58ED175C428F35F375807E91D890D/
Card,,dc6a3b,0,,https://steamusercontent-a.akamaihd.net/ugc/10903406245812804863/290B1ECB74C655BE0ABE965160DE2125F99817CF/,https://steamusercontent-a.akamaihd.net/ugc/12636033598014099589/E8FD1C6098B58ED175C428F35F375807E91D890D/
Deck,,5e3928,2,,https://steamusercontent-a.akamaihd.net/ugc/14050462432095728150/5385A3218C6F7CD35460E6FEB15677AC9A77CA93/,https://steamusercontent-a.akamaihd.net/ugc/13257287814674214894/A8B620529EAB9437DCF00B895F3368FF0AB2FBD6/
Deck [子卡],,,,,https://steamusercontent-a.akamaihd.net/ugc/14050462432095728150/5385A3218C6F7CD35460E6FEB15677AC9A77CA93/,
Deck [子卡],,,,,https://steamusercontent-a.akamaihd.net/ugc/14050462432095728150/5385A3218C6F7CD35460E6FEB15677AC9A77CA93/,
Card,,6d20dd,0,,https://steamusercontent-a.akamaihd.net/ugc/14050462432095728150/5385A3218C6F7CD35460E6FEB15677AC9A77CA93/,https://steamusercontent-a.akamaihd.net/ugc/13257287814674214894/A8B620529EAB9437DCF00B895F3368FF0AB2FBD6/
Card,,d0db65,0,,https://steamusercontent-a.akamaihd.net/ugc/14050462432095728150/5385A3218C6F7CD35460E6FEB15677AC9A77CA93/,https://steamusercontent-a.akamaihd.net/ugc/13257287814674214894/A8B620529EAB9437DCF00B895F3368FF0AB2FBD6/
DeckCustom,,40407d,25,,https://steamusercontent-a.akamaihd.net/ugc/10284444043470614804/68264E7677CB571337E9F1C64C6C11B0F16E7237/,https://steamusercontent-a.akamaihd.net/ugc/15102481530365419978/378D018336879A08164219814CF1E44CDB18B0AC/
DeckCustom [子卡],,,,,,
DeckCustom [子卡],,,,,,
DeckCustom [子卡],,,,,,
DeckCustom [子卡],,,,,,
DeckCustom [子卡],,,,,,
DeckCustom [子卡],,,,,,
DeckCustom [子卡],,,,,,
DeckCustom [子卡],,,,,,
DeckCustom [子卡],,,,,,
DeckCustom [子卡],,,,,,
DeckCustom [子卡],,,,,,
DeckCustom [子卡],,,,,,
DeckCustom [子卡],,,,,,
DeckCustom [子卡],,,,,,
DeckCustom [子卡],,,,,,
DeckCustom [子卡],,,,,,
DeckCustom [子卡],,,,,,
DeckCustom [子卡],,,,,,
DeckCustom [子卡],,,,,,
DeckCustom [子卡],,,,,,
DeckCustom [子卡],,,,,,
DeckCustom [子卡],,,,,,
DeckCustom [子卡],,,,,,
DeckCustom [子卡],,,,,,
DeckCustom [子卡],,,,,,
Card,,88f237,0,,,
Card,,faa634,0,,,
Card,,4c1ea3,0,,,
Card,,f3bb0d,0,,,
Card,,011ba7,0,,,
Card,,d9e1bd,0,,,
Card,,618e59,0,,,
Card,,993def,0,,,
Card,,108a6d,0,,,
Card,,3db8b8,0,,,
Card,,8cb21b,0,,,
Card,,6bdcae,0,,,
Card,,bd94a8,0,,,
Card,,6dc7be,0,,,
Card,,ceaaf4,0,,,
Card,,0a63b3,0,,,
Card,,00a734,0,,,
Card,,8d7022,0,,,
Card,,c14469,0,,,
Card,,835054,0,,,
Card,,a09661,0,,,
Card,,b1b348,0,,,
Card,,55eb84,0,,,
Card,,f2e123,0,,,
Card,,6f9195,0,,,
DeckCustom,,6e177c,22,,https://steamusercontent-a.akamaihd.net/ugc/14750579919931740755/860B38740A1F1BA7DD384F7437B7D8754D50D23E/,https://steamusercontent-a.akamaihd.net/ugc/15585857953165331570/9E20779E0EF8D28A60070166166F88209670D76F/
DeckCustom [子卡],,,,,,
DeckCustom [子卡],,,,,,
DeckCustom [子卡],,,,,,
DeckCustom [子卡],,,,,,
DeckCustom [子卡],,,,,,
DeckCustom [子卡],,,,,,
DeckCustom [子卡],,,,,,
DeckCustom [子卡],,,,,,
DeckCustom [子卡],,,,,,
DeckCustom [子卡],,,,,,
DeckCustom [子卡],,,,,,
DeckCustom [子卡],,,,,,
DeckCustom [子卡],,,,,,
DeckCustom [子卡],,,,,,
DeckCustom [子卡],,,,,,
DeckCustom [子卡],,,,,,
DeckCustom [子卡],,,,,,
DeckCustom [子卡],,,,,,
DeckCustom [子卡],,,,,,
DeckCustom [子卡],,,,,,
DeckCustom [子卡],,,,,,
DeckCustom [子卡],,,,,,
Card,,56ba93,0,,,
Card,,40d02f,0,,,
Card,,b4ac55,0,,,
Card,,32ad06,0,,,
Card,,e6810c,0,,,
Card,,312f5b,0,,,
Card,,8e49d3,0,,,
Card,,3fbca0,0,,,
Card,,dec880,0,,,
Card,,f1bc00,0,,,
Card,,cc5185,0,,,
Card,,81c159,0,,,
Card,,1d01ff,0,,,
Card,,4cc066,0,,,
Card,,cd7862,0,,,
Card,,60d846,0,,,
Card,,cb7c35,0,,,
Card,,406008,0,,,
Card,,56ae76,0,,,
Card,,a21ed5,0,,,
Card,,efc222,0,,,
Card,,3e2694,0,,,
DeckCustom,,297d5c,18,,https://steamusercontent-a.akamaihd.net/ugc/10366725629433571171/3EFDCECAF2A5123FABCFC871D490A8A849A4FBD3/,https://steamusercontent-a.akamaihd.net/ugc/16588733390811899303/62D7F843D1F892017A00B5C1FA9870477E1A5FA0/
DeckCustom [子卡],,,,,,
DeckCustom [子卡],,,,,,
DeckCustom [子卡],,,,,,
DeckCustom [子卡],,,,,,
DeckCustom [子卡],,,,,,
DeckCustom [子卡],,,,,,
DeckCustom [子卡],,,,,,
DeckCustom [子卡],,,,,,
DeckCustom [子卡],,,,,,
DeckCustom [子卡],,,,,,
DeckCustom [子卡],,,,,,
DeckCustom [子卡],,,,,,
DeckCustom [子卡],,,,,,
DeckCustom [子卡],,,,,,
DeckCustom [子卡],,,,,,
DeckCustom [子卡],,,,,,
DeckCustom [子卡],,,,,,
DeckCustom [子卡],,,,,,
Card,,8c9f31,0,,,
Card,,acdb15,0,,,
Card,,ce5ac0,0,,,
Card,,92b0e5,0,,,
Card,,a9a2c7,0,,,
Card,,d8ac37,0,,,
Card,,99780f,0,,,
Card,,fa229a,0,,,
Card,,93897b,0,,,
Card,,783127,0,,,
Card,,dda856,0,,,
Card,,4cbff0,0,,,
Card,,6d8372,0,,,
Card,,127d8b,0,,,
Card,,695b1b,0,,,
Card,,adcf83,0,,,
Card,,0fc142,0,,,
Card,,6aaf6e,0,,,
DeckCustom,,e16201,20,,https://steamusercontent-a.akamaihd.net/ugc/16932085348700253693/53A4C004F7C74CA54FDF65189BE31CB980806C15/,https://steamusercontent-a.akamaihd.net/ugc/14868541966671703134/76D8980B09BEF05832B9E4FDDB67DC017CB50D3C/
DeckCustom [子卡],,,,,,
DeckCustom [子卡],,,,,,
DeckCustom [子卡],,,,,,
DeckCustom [子卡],,,,,,
DeckCustom [子卡],,,,,,
DeckCustom [子卡],,,,,,
DeckCustom [子卡],,,,,,
DeckCustom [子卡],,,,,,
DeckCustom [子卡],,,,,,
DeckCustom [子卡],,,,,,
DeckCustom [子卡],,,,,,
DeckCustom [子卡],,,,,,
DeckCustom [子卡],,,,,,
DeckCustom [子卡],,,,,,
DeckCustom [子卡],,,,,,
DeckCustom [子卡],,,,,,
DeckCustom [子卡],,,,,,
DeckCustom [子卡],,,,,,
DeckCustom [子卡],,,,,,
DeckCustom [子卡],,,,,,
Card,,b6d617,0,,,
Card,,416f0a,0,,,
Card,,d2a1d8,0,,,
Card,,c04bba,0,,,
Card,,ab74a0,0,,,
Card,,cbfe97,0,,,
Card,,e39c17,0,,,
Card,,619eb9,0,,,
Card,,233186,0,,,
Card,,db330f,0,,,
Card,,bd573c,0,,,
Card,,99534a,0,,,
Card,,5f7cf6,0,,,
Card,,2ece3d,0,,,
Card,,882cf1,0,,,
Card,,aa8ba6,0,,,
Card,,44810c,0,,,
Card,,1454a5,0,,,
Card,,a48fa4,0,,,
Card,,69eaa8,0,,,
DeckCustom,,6b8015,22,,https://steamusercontent-a.akamaihd.net/ugc/17148148513940922592/5ED972413ED8832D53D2D636EC34B29A0E2AD20D/,https://steamusercontent-a.akamaihd.net/ugc/16276969961787138688/898B3C0151A03AFBF84E44CEADE9DA7A12465F12/
DeckCustom [子卡],,,,,,
DeckCustom [子卡],,,,,,
DeckCustom [子卡],,,,,,
DeckCustom [子卡],,,,,,
DeckCustom [子卡],,,,,,
DeckCustom [子卡],,,,,,
DeckCustom [子卡],,,,,,
DeckCustom [子卡],,,,,,
DeckCustom [子卡],,,,,,
DeckCustom [子卡],,,,,,
DeckCustom [子卡],,,,,,
DeckCustom [子卡],,,,,,
DeckCustom [子卡],,,,,,
DeckCustom [子卡],,,,,,
DeckCustom [子卡],,,,,,
DeckCustom [子卡],,,,,,
DeckCustom [子卡],,,,,,
DeckCustom [子卡],,,,,,
DeckCustom [子卡],,,,,,
DeckCustom [子卡],,,,,,
DeckCustom [子卡],,,,,,
DeckCustom [子卡],,,,,https://steamusercontent-a.akamaihd.net/ugc/17148148513940922592/5ED972413ED8832D53D2D636EC34B29A0E2AD20D/,
Card,,30e75b,0,,,
Card,,c60b8d,0,,,
Card,,7db528,0,,,
Card,,c3a6be,0,,,
Card,,625b29,0,,,
Card,,0e335c,0,,,
Card,,5c7a9c,0,,,
Card,,bac81e,0,,,
Card,,e57de2,0,,,
Card,,d1e330,0,,,
Card,,88d1a3,0,,,
Card,,e71fd3,0,,,
Card,,5b674f,0,,,
Card,,cab150,0,,,
Card,,77a01e,0,,,
Card,,ee48ff,0,,,
Card,,04353d,0,,,
Card,,3caf8c,0,,,
Card,,40ba1b,0,,,
Card,,4d2930,0,,,
Card,,ca3491,0,,,
Card,,d785a4,0,,https://steamusercontent-a.akamaihd.net/ugc/17148148513940922592/5ED972413ED8832D53D2D636EC34B29A0E2AD20D/,https://steamusercontent-a.akamaihd.net/ugc/16276969961787138688/898B3C0151A03AFBF84E44CEADE9DA7A12465F12/
DeckCustom,,abbcb7,18,,https://steamusercontent-a.akamaihd.net/ugc/17737869902680146348/12DCDA01FE7DEFF34227BED734B507C9960F5298/,https://steamusercontent-a.akamaihd.net/ugc/13836990229102513856/C8D6AF618B1DD790562EF19C4DA49FD4FE0384ED/
DeckCustom [子卡],,,,,,
DeckCustom [子卡],,,,,,
DeckCustom [子卡],,,,,,
DeckCustom [子卡],,,,,,
DeckCustom [子卡],,,,,,
DeckCustom [子卡],,,,,,
DeckCustom [子卡],,,,,,
DeckCustom [子卡],,,,,,
DeckCustom [子卡],,,,,,
DeckCustom [子卡],,,,,,
DeckCustom [子卡],,,,,,
DeckCustom [子卡],,,,,,
DeckCustom [子卡],,,,,,
DeckCustom [子卡],,,,,,
DeckCustom [子卡],,,,,,
DeckCustom [子卡],,,,,,
DeckCustom [子卡],,,,,,
DeckCustom [子卡],,,,,,
Card,,49f3f0,0,,,
Card,,3afe3a,0,,,
Card,,f4ad2a,0,,,
Card,,93136c,0,,,
Card,,e2cc35,0,,,
Card,,666121,0,,,
Card,,e2f24e,0,,,
Card,,9ecf51,0,,,
Card,,5d4a45,0,,,
Card,,70008f,0,,,
Card,,4011fb,0,,,
Card,,f9bea0,0,,,
Card,,3547f3,0,,,
Card,,3b7e3a,0,,,
Card,,581e9f,0,,,
Card,,965826,0,,,
Card,,83bf00,0,,,
Card,,ea0b46,0,,,
Deck,,9671c4,2,,https://steamusercontent-a.akamaihd.net/ugc/9694408580419002679/2C0832EF5DEC741C5CFC18CD5FB3EA73467EF050/,https://steamusercontent-a.akamaihd.net/ugc/17542857167244573751/06457EC0D17D4EDC5C12BBD3330F215502313D99/
Deck [子卡],,,,,https://steamusercontent-a.akamaihd.net/ugc/9694408580419002679/2C0832EF5DEC741C5CFC18CD5FB3EA73467EF050/,
Deck [子卡],,,,,https://steamusercontent-a.akamaihd.net/ugc/9694408580419002679/2C0832EF5DEC741C5CFC18CD5FB3EA73467EF050/,
Card,,59fda8,0,,https://steamusercontent-a.akamaihd.net/ugc/9694408580419002679/2C0832EF5DEC741C5CFC18CD5FB3EA73467EF050/,https://steamusercontent-a.akamaihd.net/ugc/17542857167244573751/06457EC0D17D4EDC5C12BBD3330F215502313D99/
Card,,a94ab2,0,,https://steamusercontent-a.akamaihd.net/ugc/9694408580419002679/2C0832EF5DEC741C5CFC18CD5FB3EA73467EF050/,https://steamusercontent-a.akamaihd.net/ugc/17542857167244573751/06457EC0D17D4EDC5C12BBD3330F215502313D99/
Deck,,6537e1,2,,https://steamusercontent-a.akamaihd.net/ugc/18205702399753856358/6D0DBA7C0C99DF42A42D2D6ADC7CA57321BF37A7/,https://steamusercontent-a.akamaihd.net/ugc/9660329485495118215/79706F5440BE039382383ECA3B64296585B2B4C1/
Deck [子卡],,,,,https://steamusercontent-a.akamaihd.net/ugc/18205702399753856358/6D0DBA7C0C99DF42A42D2D6ADC7CA57321BF37A7/,
Deck [子卡],,,,,https://steamusercontent-a.akamaihd.net/ugc/18205702399753856358/6D0DBA7C0C99DF42A42D2D6ADC7CA57321BF37A7/,
Card,,3d248b,0,,https://steamusercontent-a.akamaihd.net/ugc/18205702399753856358/6D0DBA7C0C99DF42A42D2D6ADC7CA57321BF37A7/,https://steamusercontent-a.akamaihd.net/ugc/9660329485495118215/79706F5440BE039382383ECA3B64296585B2B4C1/
Card,,90aa37,0,,https://steamusercontent-a.akamaihd.net/ugc/18205702399753856358/6D0DBA7C0C99DF42A42D2D6ADC7CA57321BF37A7/,https://steamusercontent-a.akamaihd.net/ugc/9660329485495118215/79706F5440BE039382383ECA3B64296585B2B4C1/
Card,,eb0e84,0,,https://steamusercontent-a.akamaihd.net/ugc/9705892066924990912/8DAB76422B54B437B71BDAA29ADD937A3DDEED8C/,https://steamusercontent-a.akamaihd.net/ugc/14590668454424721586/078C62098AB8ECE08654CD3ABB4793794EE14E6C/
Card,,d0b89c,0,,https://steamusercontent-a.akamaihd.net/ugc/9705892066924990912/8DAB76422B54B437B71BDAA29ADD937A3DDEED8C/,https://steamusercontent-a.akamaihd.net/ugc/14590668454424721586/078C62098AB8ECE08654CD3ABB4793794EE14E6C/
Card,,a296da,0,,https://steamusercontent-a.akamaihd.net/ugc/9705892066924990912/8DAB76422B54B437B71BDAA29ADD937A3DDEED8C/,https://steamusercontent-a.akamaihd.net/ugc/14590668454424721586/078C62098AB8ECE08654CD3ABB4793794EE14E6C/
Card,,b36103,0,,https://steamusercontent-a.akamaihd.net/ugc/9705892066924990912/8DAB76422B54B437B71BDAA29ADD937A3DDEED8C/,https://steamusercontent-a.akamaihd.net/ugc/14590668454424721586/078C62098AB8ECE08654CD3ABB4793794EE14E6C/
Card,,191708,0,,https://steamusercontent-a.akamaihd.net/ugc/9705892066924990912/8DAB76422B54B437B71BDAA29ADD937A3DDEED8C/,https://steamusercontent-a.akamaihd.net/ugc/14590668454424721586/078C62098AB8ECE08654CD3ABB4793794EE14E6C/
Card,,cea1b3,0,,https://steamusercontent-a.akamaihd.net/ugc/9705892066924990912/8DAB76422B54B437B71BDAA29ADD937A3DDEED8C/,https://steamusercontent-a.akamaihd.net/ugc/14590668454424721586/078C62098AB8ECE08654CD3ABB4793794EE14E6C/
Card,,77f493,0,,https://steamusercontent-a.akamaihd.net/ugc/9877167445660033428/0021BFB65ED27DC09B2776CCEBCEAAC560C6DC1E/,https://steamusercontent-a.akamaihd.net/ugc/17542857167244573751/06457EC0D17D4EDC5C12BBD3330F215502313D99/
Deck,,c68a2e,2,,https://steamusercontent-a.akamaihd.net/ugc/14160559764690747986/41A37ED4C320CCD1DA70FCD3BA8F665336E8E4AC/,https://steamusercontent-a.akamaihd.net/ugc/10544920560782028533/87A3947590FDC31D60754C09262C81542AF7372A/
Deck [子卡],,,,,,
Deck [子卡],,,,,,
Card,,1af2cd,0,,,
Card,,6dbb7e,0,,,
Deck,,eaf5f3,3,,https://steamusercontent-a.akamaihd.net/ugc/18394870055339143117/D09CF19EF2EA9896D44BAEB9F23B3D67C7680E93/,https://steamusercontent-a.akamaihd.net/ugc/10544920560782028533/87A3947590FDC31D60754C09262C81542AF7372A/
Deck [子卡],,,,,,
Deck [子卡],,,,,,
Deck [子卡],,,,,https://steamusercontent-a.akamaihd.net/ugc/18394870055339143117/D09CF19EF2EA9896D44BAEB9F23B3D67C7680E93/,
Card,,d97409,0,,,
Card,,593cae,0,,,
Card,,403fe5,0,,https://steamusercontent-a.akamaihd.net/ugc/18394870055339143117/D09CF19EF2EA9896D44BAEB9F23B3D67C7680E93/,https://steamusercontent-a.akamaihd.net/ugc/10544920560782028533/87A3947590FDC31D60754C09262C81542AF7372A/
Card,,4970b4,0,,https://steamusercontent-a.akamaihd.net/ugc/18394870055339143117/D09CF19EF2EA9896D44BAEB9F23B3D67C7680E93/,https://steamusercontent-a.akamaihd.net/ugc/10544920560782028533/87A3947590FDC31D60754C09262C81542AF7372A/
Card,,d343d7,0,,https://steamusercontent-a.akamaihd.net/ugc/9391407719208458031/CBFB74425001830E3CD0717A6FE8CEB32EDB0EEE/,https://steamusercontent-a.akamaihd.net/ugc/15596065229435097165/82CCF1FF9150BE2E968D998D892B3D40CB8F54EC/
Card,,8f87ec,0,,https://steamusercontent-a.akamaihd.net/ugc/9579702697447859867/87AFABDDB33FF6A6B7E7AAB23AFCA69DECC2B4AD/,https://steamusercontent-a.akamaihd.net/ugc/15596065229435097165/82CCF1FF9150BE2E968D998D892B3D40CB8F54EC/
Deck,,b26f20,2,,https://steamusercontent-a.akamaihd.net/ugc/15107299668707775121/4CD79FA697A7AE138ED150E5E7DA44E0B5A06BA2/,https://steamusercontent-a.akamaihd.net/ugc/9660329485495118215/79706F5440BE039382383ECA3B64296585B2B4C1/
Deck [子卡],,,,,https://steamusercontent-a.akamaihd.net/ugc/15107299668707775121/4CD79FA697A7AE138ED150E5E7DA44E0B5A06BA2/,
Deck [子卡],,,,,https://steamusercontent-a.akamaihd.net/ugc/15107299668707775121/4CD79FA697A7AE138ED150E5E7DA44E0B5A06BA2/,
Card,,2c8dce,0,,https://steamusercontent-a.akamaihd.net/ugc/15107299668707775121/4CD79FA697A7AE138ED150E5E7DA44E0B5A06BA2/,https://steamusercontent-a.akamaihd.net/ugc/9660329485495118215/79706F5440BE039382383ECA3B64296585B2B4C1/
Card,,0c307b,0,,https://steamusercontent-a.akamaihd.net/ugc/15107299668707775121/4CD79FA697A7AE138ED150E5E7DA44E0B5A06BA2/,https://steamusercontent-a.akamaihd.net/ugc/9660329485495118215/79706F5440BE039382383ECA3B64296585B2B4C1/
Card,,982e56,0,,https://steamusercontent-a.akamaihd.net/ugc/11963578376221607588/1F4240A43352DB1894A2F9B022F058E871E6F23C/,https://steamusercontent-a.akamaihd.net/ugc/12636033598014099589/E8FD1C6098B58ED175C428F35F375807E91D890D/
Deck,,d5cad1,2,,https://steamusercontent-a.akamaihd.net/ugc/11963578376221607588/1F4240A43352DB1894A2F9B022F058E871E6F23C/,https://steamusercontent-a.akamaihd.net/ugc/12636033598014099589/E8FD1C6098B58ED175C428F35F375807E91D890D/
Deck [子卡],,,,,https://steamusercontent-a.akamaihd.net/ugc/11963578376221607588/1F4240A43352DB1894A2F9B022F058E871E6F23C/,
Deck [子卡],,,,,https://steamusercontent-a.akamaihd.net/ugc/11963578376221607588/1F4240A43352DB1894A2F9B022F058E871E6F23C/,
Card,,350f10,0,,https://steamusercontent-a.akamaihd.net/ugc/11963578376221607588/1F4240A43352DB1894A2F9B022F058E871E6F23C/,https://steamusercontent-a.akamaihd.net/ugc/12636033598014099589/E8FD1C6098B58ED175C428F35F375807E91D890D/
Card,,a75ef7,0,,https://steamusercontent-a.akamaihd.net/ugc/11963578376221607588/1F4240A43352DB1894A2F9B022F058E871E6F23C/,https://steamusercontent-a.akamaihd.net/ugc/12636033598014099589/E8FD1C6098B58ED175C428F35F375807E91D890D/
Deck,,ec9c29,3,,https://steamusercontent-a.akamaihd.net/ugc/9343115057526176506/D4FE2C276DEF85E29F6EB22E8A8B3306A907C083/,https://steamusercontent-a.akamaihd.net/ugc/12636033598014099589/E8FD1C6098B58ED175C428F35F375807E91D890D/
Deck [子卡],,,,,https://steamusercontent-a.akamaihd.net/ugc/9343115057526176506/D4FE2C276DEF85E29F6EB22E8A8B3306A907C083/,
Deck [子卡],,,,,https://steamusercontent-a.akamaihd.net/ugc/9343115057526176506/D4FE2C276DEF85E29F6EB22E8A8B3306A907C083/,
Deck [子卡],,,,,https://steamusercontent-a.akamaihd.net/ugc/9343115057526176506/D4FE2C276DEF85E29F6EB22E8A8B3306A907C083/,
Card,,16c5a8,0,,https://steamusercontent-a.akamaihd.net/ugc/9343115057526176506/D4FE2C276DEF85E29F6EB22E8A8B3306A907C083/,https://steamusercontent-a.akamaihd.net/ugc/12636033598014099589/E8FD1C6098B58ED175C428F35F375807E91D890D/
Card,,7d1b62,0,,https://steamusercontent-a.akamaihd.net/ugc/9343115057526176506/D4FE2C276DEF85E29F6EB22E8A8B3306A907C083/,https://steamusercontent-a.akamaihd.net/ugc/12636033598014099589/E8FD1C6098B58ED175C428F35F375807E91D890D/
Card,,ef44d6,0,,https://steamusercontent-a.akamaihd.net/ugc/9343115057526176506/D4FE2C276DEF85E29F6EB22E8A8B3306A907C083/,https://steamusercontent-a.akamaihd.net/ugc/12636033598014099589/E8FD1C6098B58ED175C428F35F375807E91D890D/
Deck,,2099ad,2,,https://steamusercontent-a.akamaihd.net/ugc/17541927520195381536/E18A48CD6C516DDFB5A36A9EBEFFA9479AAC3D86/,https://steamusercontent-a.akamaihd.net/ugc/13257287814674214894/A8B620529EAB9437DCF00B895F3368FF0AB2FBD6/
Deck [子卡],,,,,https://steamusercontent-a.akamaihd.net/ugc/17541927520195381536/E18A48CD6C516DDFB5A36A9EBEFFA9479AAC3D86/,
Deck [子卡],,,,,https://steamusercontent-a.akamaihd.net/ugc/17541927520195381536/E18A48CD6C516DDFB5A36A9EBEFFA9479AAC3D86/,
Card,,638bef,0,,https://steamusercontent-a.akamaihd.net/ugc/17541927520195381536/E18A48CD6C516DDFB5A36A9EBEFFA9479AAC3D86/,https://steamusercontent-a.akamaihd.net/ugc/13257287814674214894/A8B620529EAB9437DCF00B895F3368FF0AB2FBD6/
Card,,1f2760,0,,https://steamusercontent-a.akamaihd.net/ugc/17541927520195381536/E18A48CD6C516DDFB5A36A9EBEFFA9479AAC3D86/,https://steamusercontent-a.akamaihd.net/ugc/13257287814674214894/A8B620529EAB9437DCF00B895F3368FF0AB2FBD6/
Deck,,f88d57,6,,https://steamusercontent-a.akamaihd.net/ugc/9391407719208458031/CBFB74425001830E3CD0717A6FE8CEB32EDB0EEE/,https://steamusercontent-a.akamaihd.net/ugc/15596065229435097165/82CCF1FF9150BE2E968D998D892B3D40CB8F54EC/
Deck [子卡],,,,,https://steamusercontent-a.akamaihd.net/ugc/9391407719208458031/CBFB74425001830E3CD0717A6FE8CEB32EDB0EEE/,
Deck [子卡],,,,,https://steamusercontent-a.akamaihd.net/ugc/9391407719208458031/CBFB74425001830E3CD0717A6FE8CEB32EDB0EEE/,
Deck [子卡],,,,,https://steamusercontent-a.akamaihd.net/ugc/9391407719208458031/CBFB74425001830E3CD0717A6FE8CEB32EDB0EEE/,
Deck [子卡],,,,,https://steamusercontent-a.akamaihd.net/ugc/9391407719208458031/CBFB74425001830E3CD0717A6FE8CEB32EDB0EEE/,
Deck [子卡],,,,,https://steamusercontent-a.akamaihd.net/ugc/9391407719208458031/CBFB74425001830E3CD0717A6FE8CEB32EDB0EEE/,
Deck [子卡],,,,,https://steamusercontent-a.akamaihd.net/ugc/9391407719208458031/CBFB74425001830E3CD0717A6FE8CEB32EDB0EEE/,
Card,,e5a495,0,,https://steamusercontent-a.akamaihd.net/ugc/9391407719208458031/CBFB74425001830E3CD0717A6FE8CEB32EDB0EEE/,https://steamusercontent-a.akamaihd.net/ugc/15596065229435097165/82CCF1FF9150BE2E968D998D892B3D40CB8F54EC/
Card,,d1e839,0,,https://steamusercontent-a.akamaihd.net/ugc/9391407719208458031/CBFB74425001830E3CD0717A6FE8CEB32EDB0EEE/,https://steamusercontent-a.akamaihd.net/ugc/15596065229435097165/82CCF1FF9150BE2E968D998D892B3D40CB8F54EC/
Card,,ebcc42,0,,https://steamusercontent-a.akamaihd.net/ugc/9391407719208458031/CBFB74425001830E3CD0717A6FE8CEB32EDB0EEE/,https://steamusercontent-a.akamaihd.net/ugc/15596065229435097165/82CCF1FF9150BE2E968D998D892B3D40CB8F54EC/
Card,,da4c81,0,,https://steamusercontent-a.akamaihd.net/ugc/9391407719208458031/CBFB74425001830E3CD0717A6FE8CEB32EDB0EEE/,https://steamusercontent-a.akamaihd.net/ugc/15596065229435097165/82CCF1FF9150BE2E968D998D892B3D40CB8F54EC/
Card,,76527d,0,,https://steamusercontent-a.akamaihd.net/ugc/9391407719208458031/CBFB74425001830E3CD0717A6FE8CEB32EDB0EEE/,https://steamusercontent-a.akamaihd.net/ugc/15596065229435097165/82CCF1FF9150BE2E968D998D892B3D40CB8F54EC/
Card,,d61b82,0,,https://steamusercontent-a.akamaihd.net/ugc/9391407719208458031/CBFB74425001830E3CD0717A6FE8CEB32EDB0EEE/,https://steamusercontent-a.akamaihd.net/ugc/15596065229435097165/82CCF1FF9150BE2E968D998D892B3D40CB8F54EC/