deck,nickname,description,card_id,sheet_num,row,col,num_width,num_height,face_url
DeckCustom #1,,,15400,154,-1,-1,10,7,https://steamusercontent-a.akamaihd.net/ugc/17541927520195381536/E18A48CD6C516DDFB5A36A9EBEFFA9479AAC3D86/
DeckCustom #1,,,15400,154,-1,-1,10,7,https://steamusercontent-a.akamaihd.net/ugc/17541927520195381536/E18A48CD6C516DDFB5A36A9EBEFFA9479AAC3D86/
DeckCustom #1,,,15400,154,-1,-1,10,7,https://steamusercontent-a.akamaihd.net/ugc/17541927520195381536/E18A48CD6C516DDFB5A36A9EBEFFA9479AAC3D86/
DeckCustom #1,,,15400,154,-1,-1,10,7,https://steamusercontent-a.akamaihd.net/ugc/17541927520195381536/E18A48CD6C516DDFB5A36A9EBEFFA9479AAC3D86/
DeckCustom #1,,,15401,154,0,0,10,7,https://steamusercontent-a.akamaihd.net/ugc/17541927520195381536/E18A48CD6C516DDFB5A36A9EBEFFA9479AAC3D86/
DeckCustom #1,,,15401,154,0,0,10,7,https://steamusercontent-a.akamaihd.net/ugc/17541927520195381536/E18A48CD6C516DDFB5A36A9EBEFFA9479AAC3D86/
DeckCustom #1,,,15401,154,0,0,10,7,https://steamusercontent-a.akamaihd.net/ugc/17541927520195381536/E18A48CD6C516DDFB5A36A9EBEFFA9479AAC3D86/
DeckCustom #1,,,15402,154,0,1,10,7,https://steamusercontent-a.akamaihd.net/ugc/17541927520195381536/E18A48CD6C516DDFB5A36A9EBEFFA9479AAC3D86/
DeckCustom #1,,,15402,154,0,1,10,7,https://steamusercontent-a.akamaihd.net/ugc/17541927520195381536/E18A48CD6C516DDFB5A36A9EBEFFA9479AAC3D86/
DeckCustom #1,,,15402,154,0,1,10,7,https://steamusercontent-a.akamaihd.net/ugc/17541927520195381536/E18A48CD6C516DDFB5A36A9EBEFFA9479AAC3D86/
DeckCustom #1,,,15402,154,0,1,10,7,https://steamusercontent-a.akamaihd.net/ugc/17541927520195381536/E18A48CD6C516DDFB5A36A9EBEFFA9479AAC3D86/
DeckCustom #1,,,15402,154,0,1,10,7,https://steamusercontent-a.akamaihd.net/ugc/17541927520195381536/E18A48CD6C516DDFB5A36A9EBEFFA9479AAC3D86/
DeckCustom #1,,,15402,154,0,1,10,7,https://steamusercontent-a.akamaihd.net/ugc/17541927520195381536/E18A48CD6C516DDFB5A36A9EBEFFA9479AAC3D86/
DeckCustom #1,,,15403,154,0,2,10,7,https://steamusercontent-a.akamaihd.net/ugc/17541927520195381536/E18A48CD6C516DDFB5A36A9EBEFFA9479AAC3D86/
DeckCustom #1,,,15403,154,0,2,10,7,https://steamusercontent-a.akamaihd.net/ugc/17541927520195381536/E18A48CD6C516DDFB5A36A9EBEFFA9479AAC3D86/
DeckCustom #1,,,15403,154,0,2,10,7,https://steamusercontent-a.akamaihd.net/ugc/17541927520195381536/E18A48CD6C516DDFB5A36A9EBEFFA9479AAC3D86/
DeckCustom #1,,,15403,154,0,2,10,7,https://steamusercontent-a.akamaihd.net/ugc/17541927520195381536/E18A48CD6C516DDFB5A36A9EBEFFA9479AAC3D86/
DeckCustom #1,,,15404,154,0,3,10,7,https://steamusercontent-a.akamaihd.net/ugc/17541927520195381536/E18A48CD6C516DDFB5A36A9EBEFFA9479AAC3D86/
DeckCustom #1,,,15404,154,0,3,10,7,https://steamusercontent-a.akamaihd.net/ugc/17541927520195381536/E18A48CD6C516DDFB5A36A9EBEFFA9479AAC3D86/
DeckCustom #1,,,15404,154,0,3,10,7,https://steamusercontent-a.akamaihd.net/ugc/17541927520195381536/E18A48CD6C516DDFB5A36A9EBEFFA9479AAC3D86/
DeckCustom #1,,,15404,154,0,3,10,7,https://steamusercontent-a.akamaihd.net/ugc/17541927520195381536/E18A48CD6C516DDFB5A36A9EBEFFA9479AAC3D86/
DeckCustom #1,,,15404,154,0,3,10,7,https://steamusercontent-a.akamaihd.net/ugc/17541927520195381536/E18A48CD6C516DDFB5A36A9EBEFFA9479AAC3D86/
DeckCustom #1,,,15447,154,4,6,10,7,https://steamusercontent-a.akamaihd.net/ugc/17541927520195381536/E18A48CD6C516DDFB5A36A9EBEFFA9479AAC3D86/
DeckCustom #25,,,17700,177,-1,-1,10,7,https://steamusercontent-a.akamaihd.net/ugc/17051544059856308019/D89300C17A161033C5ED508A7F0DA159CCA83E62/
DeckCustom #25,,,17700,177,-1,-1,10,7,https://steamusercontent-a.akamaihd.net/ugc/17051544059856308019/D89300C17A161033C5ED508A7F0DA159CCA83E62/
DeckCustom #25,,,17700,177,-1,-1,10,7,https://steamusercontent-a.akamaihd.net/ugc/17051544059856308019/D89300C17A161033C5ED508A7F0DA159CCA83E62/
DeckCustom #25,,,17700,177,-1,-1,10,7,https://steamusercontent-a.akamaihd.net/ugc/17051544059856308019/D89300C17A161033C5ED508A7F0DA159CCA83E62/
DeckCustom #25,,,17701,177,0,0,10,7,https://steamusercontent-a.akamaihd.net/ugc/17051544059856308019/D89300C17A161033C5ED508A7F0DA159CCA83E62/
DeckCustom #25,,,17701,177,0,0,10,7,https://steamusercontent-a.akamaihd.net/ugc/17051544059856308019/D89300C17A161033C5ED508A7F0DA159CCA83E62/
DeckCustom #25,,,17701,177,0,0,10,7,https://steamusercontent-a.akamaihd.net/ugc/17051544059856308019/D89300C17A161033C5ED508A7F0DA159CCA83E62/
DeckCustom #25,,,17701,177,0,0,10,7,https://steamusercontent-a.akamaihd.net/ugc/17051544059856308019/D89300C17A161033C5ED508A7F0DA159CCA83E62/
DeckCustom #25,,,17701,177,0,0,10,7,https://steamusercontent-a.akamaihd.net/ugc/17051544059856308019/D89300C17A161033C5ED508A7F0DA159CCA83E62/
DeckCustom #25,,,17702,177,0,1,10,7,https://steamusercontent-a.akamaihd.net/ugc/17051544059856308019/D89300C17A161033C5ED508A7F0DA159CCA83E62/
DeckCustom #25,,,17702,177,0,1,10,7,https://steamusercontent-a.akamaihd.net/ugc/17051544059856308019/D89300C17A161033C5ED508A7F0DA159CCA83E62/
DeckCustom #25,,,17702,177,0,1,10,7,https://steamusercontent-a.akamaihd.net/ugc/17051544059856308019/D89300C17A161033C5ED508A7F0DA159CCA83E62/
DeckCustom #25,,,17702,177,0,1,10,7,https://steamusercontent-a.akamaihd.net/ugc/17051544059856308019/D89300C17A161033C5ED508A7F0DA159CCA83E62/
DeckCustom #25,,,17703,177,0,2,10,7,https://steamusercontent-a.akamaihd.net/ugc/17051544059856308019/D89300C17A161033C5ED508A7F0DA159CCA83E62/
DeckCustom #25,,,17703,177,0,2,10,7,https://steamusercontent-a.akamaihd.net/ugc/17051544059856308019/D89300C17A161033C5ED508A7F0DA159CCA83E62/
DeckCustom #25,,,17704,177,0,3,10,7,https://steamusercontent-a.akamaihd.net/ugc/17051544059856308019/D89300C17A161033C5ED508A7F0DA159CCA83E62/
DeckCustom #25,,,17704,177,0,3,10,7,https://steamusercontent-a.akamaihd.net/ugc/17051544059856308019/D89300C17A161033C5ED508A7F0DA159CCA83E62/
DeckCustom #25,,,17704,177,0,3,10,7,https://steamusercontent-a.akamaihd.net/ugc/17051544059856308019/D89300C17A161033C5ED508A7F0DA159CCA83E62/
DeckCustom #44,,,17800,178,-1,-1,10,7,https://steamusercontent-a.akamaihd.net/ugc/11963578376221607588/1F4240A43352DB1894A2F9B022F058E871E6F23C/
DeckCustom #44,,,17800,178,-1,-1,10,7,https://steamusercontent-a.akamaihd.net/ugc/11963578376221607588/1F4240A43352DB1894A2F9B022F058E871E6F23C/
DeckCustom #44,,,17800,178,-1,-1,10,7,https://steamusercontent-a.akamaihd.net/ugc/11963578376221607588/1F4240A43352DB1894A2F9B022F058E871E6F23C/
DeckCustom #44,,,17800,178,-1,-1,10,7,https://steamusercontent-a.akamaihd.net/ugc/11963578376221607588/1F4240A43352DB1894A2F9B022F058E871E6F23C/
DeckCustom #44,,,17800,178,-1,-1,10,7,https://steamusercontent-a.akamaihd.net/ugc/11963578376221607588/1F4240A43352DB1894A2F9B022F058E871E6F23C/
DeckCustom #44,,,17800,178,-1,-1,10,7,https://steamusercontent-a.akamaihd.net/ugc/11963578376221607588/1F4240A43352DB1894A2F9B022F058E871E6F23C/
DeckCustom #44,,,17800,178,-1,-1,10,7,https://steamusercontent-a.akamaihd.net/ugc/11963578376221607588/1F4240A43352DB1894A2F9B022F058E871E6F23C/
DeckCustom #44,,,17800,178,-1,-1,10,7,https://steamusercontent-a.akamaihd.net/ugc/11963578376221607588/1F4240A43352DB1894A2F9B022F058E871E6F23C/
DeckCustom #44,,,17800,178,-1,-1,10,7,https://steamusercontent-a.akamaihd.net/ugc/11963578376221607588/1F4240A43352DB1894A2F9B022F058E871E6F23C/
DeckCustom #44,,,17801,178,0,0,10,7,https://steamusercontent-a.akamaihd.net/ugc/11963578376221607588/1F4240A43352DB1894A2F9B022F058E871E6F23C/
DeckCustom #44,,,17801,178,0,0,10,7,https://steamusercontent-a.akamaihd.net/ugc/11963578376221607588/1F4240A43352DB1894A2F9B022F058E871E6F23C/
DeckCustom #44,,,17801,178,0,0,10,7,https://steamusercontent-a.akamaihd.net/ugc/11963578376221607588/1F4240A43352DB1894A2F9B022F058E871E6F23C/
DeckCustom #44,,,17801,178,0,0,10,7,https://steamusercontent-a.akamaihd.net/ugc/11963578376221607588/1F4240A43352DB1894A2F9B022F058E871E6F23C/
DeckCustom #44,,,17801,178,0,0,10,7,https://steamusercontent-a.akamaihd.net/ugc/11963578376221607588/1F4240A43352DB1894A2F9B022F058E871E6F23C/
DeckCustom #44,,,17801,178,0,0,10,7,https://steamusercontent-a.akamaihd.net/ugc/11963578376221607588/1F4240A43352DB1894A2F9B022F058E871E6F23C/
DeckCustom #44,,,17801,178,0,0,10,7,https://steamusercontent-a.akamaihd.net/ugc/11963578376221607588/1F4240A43352DB1894A2F9B022F058E871E6F23C/
DeckCustom #44,,,17802,178,0,1,10,7,https://steamusercontent-a.akamaihd.net/ugc/11963578376221607588/1F4240A43352DB1894A2F9B022F058E871E6F23C/
DeckCustom #44,,,17803,178,0,2,10,7,https://steamusercontent-a.akamaihd.net/ugc/11963578376221607588/1F4240A43352DB1894A2F9B022F058E871E6F23C/
DeckCustom #44,,,17803,178,0,2,10,7,https://steamusercontent-a.akamaihd.net/ugc/11963578376221607588/1F4240A43352DB1894A2F9B022F058E871E6F23C/
DeckCustom #44,,,17804,178,0,3,10,7,https://steamusercontent-a.akamaihd.net/ugc/11963578376221607588/1F4240A43352DB1894A2F9B022F058E871E6F23C/
DeckCustom #44,,,17804,178,0,3,10,7,https://steamusercontent-a.akamaihd.net/ugc/11963578376221607588/1F4240A43352DB1894A2F9B022F058E871E6F23C/
DeckCustom #44,,,17804,178,0,3,10,7,https://steamusercontent-a.akamaihd.net/ugc/11963578376221607588/1F4240A43352DB1894A2F9B022F058E871E6F23C/
DeckCustom #67,,,17500,175,-1,-1,10,7,https://steamusercontent-a.akamaihd.net/ugc/9579702697447859867/87AFABDDB33FF6A6B7E7AAB23AFCA69DECC2B4AD/
DeckCustom #67,,,17500,175,-1,-1,10,7,https://steamusercontent-a.akamaihd.net/ugc/9579702697447859867/87AFABDDB33FF6A6B7E7AAB23AFCA69DECC2B4AD/
DeckCustom #67,,,17500,175,-1,-1,10,7,https://steamusercontent-a.akamaihd.net/ugc/9579702697447859867/87AFABDDB33FF6A6B7E7AAB23AFCA69DECC2B4AD/
DeckCustom #67,,,17500,175,-1,-1,10,7,https://steamusercontent-a.akamaihd.net/ugc/9579702697447859867/87AFABDDB33FF6A6B7E7AAB23AFCA69DECC2B4AD/
DeckCustom #67,,,17500,175,-1,-1,10,7,https://steamusercontent-a.akamaihd.net/ugc/9579702697447859867/87AFABDDB33FF6A6B7E7AAB23AFCA69DECC2B4AD/
DeckCustom #67,,,17501,175,0,0,10,7,https://steamusercontent-a.akamaihd.net/ugc/9579702697447859867/87AFABDDB33FF6A6B7E7AAB23AFCA69DECC2B4AD/
DeckCustom #67,,,17501,175,0,0,10,7,https://steamusercontent-a.akamaihd.net/ugc/9579702697447859867/87AFABDDB33FF6A6B7E7AAB23AFCA69DECC2B4AD/
DeckCustom #67,,,17501,175,0,0,10,7,https://steamusercontent-a.akamaihd.net/ugc/9579702697447859867/87AFABDDB33FF6A6B7E7AAB23AFCA69DECC2B4AD/
DeckCustom #67,,,17501,175,0,0,10,7,https://steamusercontent-a.akamaihd.net/ugc/9579702697447859867/87AFABDDB33FF6A6B7E7AAB23AFCA69DECC2B4AD/
DeckCustom #67,,,17502,175,0,1,10,7,https://steamusercontent-a.akamaihd.net/ugc/9579702697447859867/87AFABDDB33FF6A6B7E7AAB23AFCA69DECC2B4AD/
DeckCustom #67,,,17502,175,0,1,10,7,https://steamusercontent-a.akamaihd.net/ugc/9579702697447859867/87AFABDDB33FF6A6B7E7AAB23AFCA69DECC2B4AD/
DeckCustom #67,,,17502,175,0,1,10,7,https://steamusercontent-a.akamaihd.net/ugc/9579702697447859867/87AFABDDB33FF6A6B7E7AAB23AFCA69DECC2B4AD/
DeckCustom #67,,,17502,175,0,1,10,7,https://steamusercontent-a.akamaihd.net/ugc/9579702697447859867/87AFABDDB33FF6A6B7E7AAB23AFCA69DECC2B4AD/
DeckCustom #67,,,17502,175,0,1,10,7,https://steamusercontent-a.akamaihd.net/ugc/9579702697447859867/87AFABDDB33FF6A6B7E7AAB23AFCA69DECC2B4AD/
DeckCustom #67,,,17503,175,0,2,10,7,https://steamusercontent-a.akamaihd.net/ugc/9579702697447859867/87AFABDDB33FF6A6B7E7AAB23AFCA69DECC2B4AD/
DeckCustom #67,,,17503,175,0,2,10,7,https://steamusercontent-a.akamaihd.net/ugc/9579702697447859867/87AFABDDB33FF6A6B7E7AAB23AFCA69DECC2B4AD/
DeckCustom #67,,,17503,175,0,2,10,7,https://steamusercontent-a.akamaihd.net/ugc/9579702697447859867/87AFABDDB33FF6A6B7E7AAB23AFCA69DECC2B4AD/
DeckCustom #67,,,17503,175,0,2,10,7,https://steamusercontent-a.akamaihd.net/ugc/9579702697447859867/87AFABDDB33FF6A6B7E7AAB23AFCA69DECC2B4AD/
DeckCustom #67,,,17504,175,0,3,10,7,https://steamusercontent-a.akamaihd.net/ugc/9579702697447859867/87AFABDDB33FF6A6B7E7AAB23AFCA69DECC2B4AD/
DeckCustom #67,,,17504,175,0,3,10,7,https://steamusercontent-a.akamaihd.net/ugc/9579702697447859867/87AFABDDB33FF6A6B7E7AAB23AFCA69DECC2B4AD/
DeckCustom #67,,,17504,175,0,3,10,7,https://steamusercontent-a.akamaihd.net/ugc/9579702697447859867/87AFABDDB33FF6A6B7E7AAB23AFCA69DECC2B4AD/
DeckCustom #67,,,17504,175,0,3,10,7,https://steamusercontent-a.akamaihd.net/ugc/9579702697447859867/87AFABDDB33FF6A6B7E7AAB23AFCA69DECC2B4AD/
DeckCustom #67,,,17504,175,0,3,10,7,https://steamusercontent-a.akamaihd.net/ugc/9579702697447859867/87AFABDDB33FF6A6B7E7AAB23AFCA69DECC2B4AD/
DeckCustom #67,,,17504,175,0,3,10,7,https://steamusercontent-a.akamaihd.net/ugc/9579702697447859867/87AFABDDB33FF6A6B7E7AAB23AFCA69DECC2B4AD/
DeckCustom #92,,,15200,152,-1,-1,10,7,https://steamusercontent-a.akamaihd.net/ugc/15107299668707775121/4CD79FA697A7AE138ED150E5E7DA44E0B5A06BA2/
DeckCustom #92,,,15200,152,-1,-1,10,7,https://steamusercontent-a.akamaihd.net/ugc/15107299668707775121/4CD79FA697A7AE138ED150E5E7DA44E0B5A06BA2/
DeckCustom #92,,,15200,152,-1,-1,10,7,https://steamusercontent-a.akamaihd.net/ugc/15107299668707775121/4CD79FA697A7AE138ED150E5E7DA44E0B5A06BA2/
DeckCustom #92,,,15200,152,-1,-1,10,7,https://steamusercontent-a.akamaihd.net/ugc/15107299668707775121/4CD79FA697A7AE138ED150E5E7DA44E0B5A06BA2/
DeckCustom #92,,,15200,152,-1,-1,10,7,https://steamusercontent-a.akamaihd.net/ugc/15107299668707775121/4CD79FA697A7AE138ED150E5E7DA44E0B5A06BA2/
DeckCustom #92,,,15200,152,-1,-1,10,7,https://steamusercontent-a.akamaihd.net/ugc/15107299668707775121/4CD79FA697A7AE138ED150E5E7DA44E0B5A06BA2/
DeckCustom #92,,,15201,152,0,0,10,7,https://steamusercontent-a.akamaihd.net/ugc/15107299668707775121/4CD79FA697A7AE138ED150E5E7DA44E0B5A06BA2/
DeckCustom #92,,,15201,152,0,0,10,7,https://steamusercontent-a.akamaihd.net/ugc/15107299668707775121/4CD79FA697A7AE138ED150E5E7DA44E0B5A06BA2/
DeckCustom #92,,,15201,152,0,0,10,7,https://steamusercontent-a.akamaihd.net/ugc/15107299668707775121/4CD79FA697A7AE138ED150E5E7DA44E0B5A06BA2/
DeckCustom #92,,,15201,152,0,0,10,7,https://steamusercontent-a.akamaihd.net/ugc/15107299668707775121/4CD79FA697A7AE138ED150E5E7DA44E0B5A06BA2/
DeckCustom #92,,,15201,152,0,0,10,7,https://steamusercontent-a.akamaihd.net/ugc/15107299668707775121/4CD79FA697A7AE138ED150E5E7DA44E0B5A06BA2/
DeckCustom #92,,,15201,152,0,0,10,7,https://steamusercontent-a.akamaihd.net/ugc/15107299668707775121/4CD79FA697A7AE138ED150E5E7DA44E0B5A06BA2/
DeckCustom #92,,,15201,152,0,0,10,7,https://steamusercontent-a.akamaihd.net/ugc/15107299668707775121/4CD79FA697A7AE138ED150E5E7DA44E0B5A06BA2/
DeckCustom #92,,,15201,152,0,0,10,7,https://steamusercontent-a.akamaihd.net/ugc/15107299668707775121/4CD79FA697A7AE138ED150E5E7DA44E0B5A06BA2/
DeckCustom #92,,,15202,152,0,1,10,7,https://steamusercontent-a.akamaihd.net/ugc/15107299668707775121/4CD79FA697A7AE138ED150E5E7DA44E0B5A06BA2/
DeckCustom #92,,,15202,152,0,1,10,7,https://steamusercontent-a.akamaihd.net/ugc/15107299668707775121/4CD79FA697A7AE138ED150E5E7DA44E0B5A06BA2/
DeckCustom #92,,,15203,152,0,2,10,7,https://steamusercontent-a.akamaihd.net/ugc/15107299668707775121/4CD79FA697A7AE138ED150E5E7DA44E0B5A06BA2/
DeckCustom #92,,,15203,152,0,2,10,7,https://steamusercontent-a.akamaihd.net/ugc/15107299668707775121/4CD79FA697A7AE138ED150E5E7DA44E0B5A06BA2/
DeckCustom #92,,,15204,152,0,3,10,7,https://steamusercontent-a.akamaihd.net/ugc/15107299668707775121/4CD79FA697A7AE138ED150E5E7DA44E0B5A06BA2/
DeckCustom #92,,,15204,152,0,3,10,7,https://steamusercontent-a.akamaihd.net/ugc/15107299668707775121/4CD79FA697A7AE138ED150E5E7DA44E0B5A06BA2/
DeckCustom #92,,,15204,152,0,3,10,7,https://steamusercontent-a.akamaihd.net/ugc/15107299668707775121/4CD79FA697A7AE138ED150E5E7DA44E0B5A06BA2/
DeckCustom #92,,,15204,152,0,3,10,7,https://steamusercontent-a.akamaihd.net/ugc/15107299668707775121/4CD79FA697A7AE138ED150E5E7DA44E0B5A06BA2/
DeckCustom #92,,,15204,152,0,3,10,7,https://steamusercontent-a.akamaihd.net/ugc/15107299668707775121/4CD79FA697A7AE138ED150E5E7DA44E0B5A06BA2/
DeckCustom #92,,,15228,152,2,7,10,7,https://steamusercontent-a.akamaihd.net/ugc/15107299668707775121/4CD79FA697A7AE138ED150E5E7DA44E0B5A06BA2/
DeckCustom #92,,,15234,152,3,3,10,7,https://steamusercontent-a.akamaihd.net/ugc/15107299668707775121/4CD79FA697A7AE138ED150E5E7DA44E0B5A06BA2/
DeckCustom #92,,,15255,152,5,4,10,7,https://steamusercontent-a.akamaihd.net/ugc/15107299668707775121/4CD79FA697A7AE138ED150E5E7DA44E0B5A06BA2/
DeckCustom #119,,,15300,153,-1,-1,10,7,https://steamusercontent-a.akamaihd.net/ugc/9877167445660033428/0021BFB65ED27DC09B2776CCEBCEAAC560C6DC1E/
DeckCustom #119,,,15300,153,-1,-1,10,7,https://steamusercontent-a.akamaihd.net/ugc/9877167445660033428/0021BFB65ED27DC09B2776CCEBCEAAC560C6DC1E/
DeckCustom #119,,,15300,153,-1,-1,10,7,https://steamusercontent-a.akamaihd.net/ugc/9877167445660033428/0021BFB65ED27DC09B2776CCEBCEAAC560C6DC1E/
DeckCustom #119,,,15300,153,-1,-1,10,7,https://steamusercontent-a.akamaihd.net/ugc/9877167445660033428/0021BFB65ED27DC09B2776CCEBCEAAC560C6DC1E/
DeckCustom #119,,,15300,153,-1,-1,10,7,https://steamusercontent-a.akamaihd.net/ugc/9877167445660033428/0021BFB65ED27DC09B2776CCEBCEAAC560C6DC1E/
DeckCustom #119,,,15301,153,0,0,10,7,https://steamusercontent-a.akamaihd.net/ugc/9877167445660033428/0021BFB65ED27DC09B2776CCEBCEAAC560C6DC1E/
DeckCustom #119,,,15301,153,0,0,10,7,https://steamusercontent-a.akamaihd.net/ugc/9877167445660033428/0021BFB65ED27DC09B2776CCEBCEAAC560C6DC1E/
DeckCustom #119,,,15301,153,0,0,10,7,https://steamusercontent-a.akamaihd.net/ugc/9877167445660033428/0021BFB65ED27DC09B2776CCEBCEAAC560C6DC1E/
DeckCustom #119,,,15301,153,0,0,10,7,https://steamusercontent-a.akamaihd.net/ugc/9877167445660033428/0021BFB65ED27DC09B2776CCEBCEAAC560C6DC1E/
DeckCustom #119,,,15302,153,0,1,10,7,https://steamusercontent-a.akamaihd.net/ugc/9877167445660033428/0021BFB65ED27DC09B2776CCEBCEAAC560C6DC1E/
DeckCustom #119,,,15302,153,0,1,10,7,https://steamusercontent-a.akamaihd.net/ugc/9877167445660033428/0021BFB65ED27DC09B2776CCEBCEAAC560C6DC1E/
DeckCustom #119,,,15302,153,0,1,10,7,https://steamusercontent-a.akamaihd.net/ugc/9877167445660033428/0021BFB65ED27DC09B2776CCEBCEAAC560C6DC1E/
DeckCustom #119,,,15302,153,0,1,10,7,https://steamusercontent-a.akamaihd.net/ugc/9877167445660033428/0021BFB65ED27DC09B2776CCEBCEAAC560C6DC1E/
DeckCustom #119,,,15302,153,0,1,10,7,https://steamusercontent-a.akamaihd.net/ugc/9877167445660033428/0021BFB65ED27DC09B2776CCEBCEAAC560C6DC1E/
DeckCustom #119,,,15302,153,0,1,10,7,https://steamusercontent-a.akamaihd.net/ugc/9877167445660033428/0021BFB65ED27DC09B2776CCEBCEAAC560C6DC1E/
DeckCustom #119,,,15303,153,0,2,10,7,https://steamusercontent-a.akamaihd.net/ugc/9877167445660033428/0021BFB65ED27DC09B2776CCEBCEAAC560C6DC1E/
DeckCustom #119,,,15303,153,0,2,10,7,https://steamusercontent-a.akamaihd.net/ugc/9877167445660033428/0021BFB65ED27DC09B2776CCEBCEAAC560C6DC1E/
DeckCustom #119,,,15303,153,0,2,10,7,https://steamusercontent-a.akamaihd.net/ugc/9877167445660033428/0021BFB65ED27DC09B2776CCEBCEAAC560C6DC1E/
DeckCustom #119,,,15303,153,0,2,10,7,https://steamusercontent-a.akamaihd.net/ugc/9877167445660033428/0021BFB65ED27DC09B2776CCEBCEAAC560C6DC1E/
DeckCustom #119,,,15303,153,0,2,10,7,https://steamusercontent-a.akamaihd.net/ugc/9877167445660033428/0021BFB65ED27DC09B2776CCEBCEAAC560C6DC1E/
DeckCustom #119,,,15304,153,0,3,10,7,https://steamusercontent-a.akamaihd.net/ugc/9877167445660033428/0021BFB65ED27DC09B2776CCEBCEAAC560C6DC1E/
DeckCustom #119,,,15304,153,0,3,10,7,https://steamusercontent-a.akamaihd.net/ugc/9877167445660033428/0021BFB65ED27DC09B2776CCEBCEAAC560C6DC1E/
DeckCustom #119,,,15304,153,0,3,10,7,https://steamusercontent-a.akamaihd.net/ugc/9877167445660033428/0021BFB65ED27DC09B2776CCEBCEAAC560C6DC1E/
DeckCustom #119,,,15304,153,0,3,10,7,https://steamusercontent-a.akamaihd.net/ugc/9877167445660033428/0021BFB65ED27DC09B2776CCEBCEAAC560C6DC1E/
DeckCustom #119,,,15352,153,5,1,10,7,https://steamusercontent-a.akamaihd.net/ugc/9877167445660033428/0021BFB65ED27DC09B2776CCEBCEAAC560C6DC1E/
Deck #146,,,14503,145,0,2,10,7,https://steamusercontent-a.akamaihd.net/ugc/9988819456930573157/E5475D2DEE9655F00DACFAA90AD508A83399816B/
Deck #150,,,16603,166,0,2,10,7,https://steamusercontent-a.akamaihd.net/ugc/10903406245812804863/290B1ECB74C655BE0ABE965160DE2125F99817CF/
Deck #150,,,16604,166,0,3,10,7,https://steamusercontent-a.akamaihd.net/ugc/10903406245812804863/290B1ECB74C655BE0ABE965160DE2125F99817CF/
Deck #153,,,8600,86,-1,-1,10,7,https://steamusercontent-a.akamaihd.net/ugc/14050462432095728150/5385A3218C6F7CD35460E6FEB15677AC9A77CA93/
Deck #153,,,8601,86,0,0,10,7,https://steamusercontent-a.akamaihd.net/ugc/14050462432095728150/5385A3218C6F7CD35460E6FEB15677AC9A77CA93/
DeckCustom #160,,,18021,180,2,0,10,7,https://steamusercontent-a.akamaihd.net/ugc/17148148513940922592/5ED972413ED8832D53D2D636EC34B29A0E2AD20D/
Deck #163,,,6700,67,-1,-1,10,7,https://steamusercontent-a.akamaihd.net/ugc/9694408580419002679/2C0832EF5DEC741C5CFC18CD5FB3EA73467EF050/
Deck #163,,,6701,67,0,0,10,7,https://steamusercontent-a.akamaihd.net/ugc/9694408580419002679/2C0832EF5DEC741C5CFC18CD5FB3EA73467EF050/
Deck #166,,,6600,66,-1,-1,10,7,https://steamusercontent-a.akamaihd.net/ugc/18205702399753856358/6D0DBA7C0C99DF42A42D2D6ADC7CA57321BF37A7/
Deck #166,,,6601,66,0,0,10,7,https://steamusercontent-a.akamaihd.net/ugc/18205702399753856358/6D0DBA7C0C99DF42A42D2D6ADC7CA57321BF37A7/
Deck #177,,,16703,167,0,2,10,7,https://steamusercontent-a.akamaihd.net/ugc/18394870055339143117/D09CF19EF2EA9896D44BAEB9F23B3D67C7680E93/
Deck #182,,,15228,152,2,7,10,7,https://steamusercontent-a.akamaihd.net/ugc/15107299668707775121/4CD79FA697A7AE138ED150E5E7DA44E0B5A06BA2/
Deck #182,,,15234,152,3,3,10,7,https://steamusercontent-a.akamaihd.net/ugc/15107299668707775121/4CD79FA697A7AE138ED150E5E7DA44E0B5A06BA2/
Deck #186,,,17824,178,2,3,10,7,https://steamusercontent-a.akamaihd.net/ugc/11963578376221607588/1F4240A43352DB1894A2F9B022F058E871E6F23C/
Deck #186,,,17800,178,-1,-1,10,7,https://steamusercontent-a.akamaihd.net/ugc/11963578376221607588/1F4240A43352DB1894A2F9B022F058E871E6F23C/
Deck #189,,,17900,179,-1,-1,10,7,https://steamusercontent-a.akamaihd.net/ugc/9343115057526176506/D4FE2C276DEF85E29F6EB22E8A8B3306A907C083/
Deck #189,,,17901,179,0,0,10,7,https://steamusercontent-a.akamaihd.net/ugc/9343115057526176506/D4FE2C276DEF85E29F6EB22E8A8B3306A907C083/
Deck #189,,,17902,179,0,1,10,7,https://steamusercontent-a.akamaihd.net/ugc/9343115057526176506/D4FE2C276DEF85E29F6EB22E8A8B3306A907C083/
Deck #193,,,15429,154,2,8,10,7,https://steamusercontent-a.akamaihd.net/ugc/17541927520195381536/E18A48CD6C516DDFB5A36A9EBEFFA9479AAC3D86/
Deck #193,,,15434,154,3,3,10,7,https://steamusercontent-a.akamaihd.net/ugc/17541927520195381536/E18A48CD6C516DDFB5A36A9EBEFFA9479AAC3D86/
Deck #196,,,16800,168,-1,-1,10,7,https://steamusercontent-a.akamaihd.net/ugc/9391407719208458031/CBFB74425001830E3CD0717A6FE8CEB32EDB0EEE/
Deck #196,,,16801,168,0,0,10,7,https://steamusercontent-a.akamaihd.net/ugc/9391407719208458031/CBFB74425001830E3CD0717A6FE8CEB32EDB0EEE/
Deck #196,,,16802,168,0,1,10,7,https://steamusercontent-a.akamaihd.net/ugc/9391407719208458031/CBFB74425001830E3CD0717A6FE8CEB32EDB0EEE/
Deck #196,,,16803,168,0,2,10,7,https://steamusercontent-a.akamaihd.net/ugc/9391407719208458031/CBFB74425001830E3CD0717A6FE8CEB32EDB0EEE/
Deck #196,,,16805,168,0,4,10,7,https://steamusercontent-a.akamaihd.net/ugc/9391407719208458031/CBFB74425001830E3CD0717A6FE8CEB32EDB0EEE/
Deck #196,,,16806,168,0,5,10,7,https://steamusercontent-a.akamaihd.net/ugc/9391407719208458031/CBFB74425001830E3CD0717A6FE8CEB32EDB0EEE/