num_width,num_height,total_cards,face_url,back_url,used_by
10,7,70,https://steamusercontent-a.akamaihd.net/ugc/17541927520195381536/E18A48CD6C516DDFB5A36A9EBEFFA9479AAC3D86/,https://steamusercontent-a.akamaihd.net/ugc/13257287814674214894/A8B620529EAB9437DCF00B895F3368FF0AB2FBD6/,DeckCustom#4a816b | Card#b248c6 | Card#a7030a | Card#e17fcc | Card#ec7232 | Card#4dca96 | Card#c21fb9 | Card#6a6e78 | Card#8536e8 | Card#f689b5 | Card#58b62f | Card#68135b | Card#8536e8 | Card#7fe9ea | Card#c7c933 | Card#a133b3 | Card#fb01f5 | Card#6e5aed | Card#37cf96 | Card#d342d0 | Card#7e4997 | Card#d86f60 | Card#131b04 | Card#2114c3 | Deck#2099ad | Card#638bef | Card#1f2760
10,7,70,https://steamusercontent-a.akamaihd.net/ugc/17051544059856308019/D89300C17A161033C5ED508A7F0DA159CCA83E62/,https://steamusercontent-a.akamaihd.net/ugc/10544920560782028533/87A3947590FDC31D60754C09262C81542AF7372A/,DeckCustom#9f1df4 | Card#7e6f20 | Card#4c8628 | Card#2e1ac5 | Card#c8b070 | Card#10e0bd | Card#f616d0 | Card#c25d9e | Card#ac908c | Card#f939c8 | Card#5da357 | Card#075c56 | Card#e63d88 | Card#a107af | Card#15dfee | Card#15d5fe | Card#ada1ee | Card#e3d3b3 | Card#6aae25
10,7,70,https://steamusercontent-a.akamaihd.net/ugc/11963578376221607588/1F4240A43352DB1894A2F9B022F058E871E6F23C/,https://steamusercontent-a.akamaihd.net/ugc/12636033598014099589/E8FD1C6098B58ED175C428F35F375807E91D890D/,DeckCustom#63e24d | Card#fc9012 | Card#fb0fc1 | Card#c13db6 | Card#f6a238 | Card#85fb62 | Card#f07136 | Card#107e79 | Card#855f41 | Card#f15039 | Card#2a505d | Card#75a883 | Card#a5ece5 | Card#e06504 | Card#181c3c | Card#2e7488 | Card#11ef35 | Card#506d8a | Card#05f3ab | Card#90117b | Card#df24d7 | Card#00e83b | Card#64ed4c | Card#982e56 | Deck#d5cad1 | Card#350f10 | Card#a75ef7
10,7,70,https://steamusercontent-a.akamaihd.net/ugc/9579702697447859867/87AFABDDB33FF6A6B7E7AAB23AFCA69DECC2B4AD/,https://steamusercontent-a.akamaihd.net/ugc/15596065229435097165/82CCF1FF9150BE2E968D998D892B3D40CB8F54EC/,DeckCustom#295668 | Card#00533b | Card#56427a | Card#6d931d | Card#93ceba | Card#00533b | Card#e363cc | Card#a55950 | Card#6b3f1e | Card#7975f0 | Card#a9dd61 | Card#c9d754 | Card#be41ca | Card#a32136 | Card#a9dd61 | Card#fcc29c | Card#1a255f | Card#32b211 | Card#9602a3 | Card#2167e6 | Card#12fdb6 | Card#e3fe3e | Card#0ec723 | Card#2167e6 | Card#cc8c45 | Card#8f87ec
10,7,70,https://steamusercontent-a.akamaihd.net/ugc/15107299668707775121/4CD79FA697A7AE138ED150E5E7DA44E0B5A06BA2/,https://steamusercontent-a.akamaihd.net/ugc/9660329485495118215/79706F5440BE039382383ECA3B64296585B2B4C1/,DeckCustom#3751b3 | Card#4c48c6 | Card#32ed58 | Card#3895c9 | Card#b83552 | Card#4c48c6 | Card#098ee5 | Card#eed005 | Card#1ac87f | Card#62bc4a | Card#7efda2 | Card#598c9b | Card#eed005 | Card#6c5302 | Card#3c3586 | Card#7cffff | Card#90bd38 | Card#a17599 | Card#783638 | Card#2a1fb4 | Card#57508e | Card#e28b65 | Card#9de84d | Card#d52b35 | Card#40a4d4 | Card#0563e8 | Card#7fcbf2 | Deck#b26f20 | Card#2c8dce | Card#0c307b
10,7,70,https://steamusercontent-a.akamaihd.net/ugc/9877167445660033428/0021BFB65ED27DC09B2776CCEBCEAAC560C6DC1E/,https://steamusercontent-a.akamaihd.net/ugc/17542857167244573751/06457EC0D17D4EDC5C12BBD3330F215502313D99/,DeckCustom#b76de4 | Card#ec4560 | Card#344f32 | Card#2fa1ee | Card#ae2c65 | Card#ec4560 | Card#11d146 | Card#efd4a5 | Card#f4152d | Card#4c1101 | Card#560555 | Card#2b1ad5 | Card#47e310 | Card#28103f | Card#2ee5d4 | Card#560555 | Card#9594d1 | Card#3dee70 | Card#acc802 | Card#b3514c | Card#7bdf46 | Card#8d0d61 | Card#24b224 | Card#b8a8f1 | Card#8d0d61 | Card#de777b | Card#77f493
10,7,70,https://steamusercontent-a.akamaihd.net/ugc/12046617467271374826/50C6266E7D92870F3BB5D977BD4CA96A6CFC57C8/,https://steamusercontent-a.akamaihd.net/ugc/15596065229435097165/82CCF1FF9150BE2E968D998D892B3D40CB8F54EC/,DeckCustom#5bbd22
10,7,70,https://steamusercontent-a.akamaihd.net/ugc/9988819456930573157/E5475D2DEE9655F00DACFAA90AD508A83399816B/,https://steamusercontent-a.akamaihd.net/ugc/9660329485495118215/79706F5440BE039382383ECA3B64296585B2B4C1/,Deck#ba4dee | Card#7948a3
10,7,70,https://steamusercontent-a.akamaihd.net/ugc/9258118311078123598/2FC5A77409CD8D2B9BAA436D0CBABC1AF80D25E7/,https://steamusercontent-a.akamaihd.net/ugc/17542857167244573751/06457EC0D17D4EDC5C12BBD3330F215502313D99/,Deck#f795f7
10,7,70,https://steamusercontent-a.akamaihd.net/ugc/12197591967814661862/DE1E3F18224FD91153EF0DA1D0654FC6479CB0F4/,https://steamusercontent-a.akamaihd.net/ugc/13257287814674214894/A8B620529EAB9437DCF00B895F3368FF0AB2FBD6/,Deck#5adc94
10,7,70,https://steamusercontent-a.akamaihd.net/ugc/10903406245812804863/290B1ECB74C655BE0ABE965160DE2125F99817CF/,https://steamusercontent-a.akamaihd.net/ugc/12636033598014099589/E8FD1C6098B58ED175C428F35F375807E91D890D/,Deck#2695f8 | Card#46ca85 | Card#dc6a3b
10,7,70,https://steamusercontent-a.akamaihd.net/ugc/14050462432095728150/5385A3218C6F7CD35460E6FEB15677AC9A77CA93/,https://steamusercontent-a.akamaihd.net/ugc/13257287814674214894/A8B620529EAB9437DCF00B895F3368FF0AB2FBD6/,Deck#5e3928 | Card#6d20dd | Card#d0db65
10,7,70,https://steamusercontent-a.akamaihd.net/ugc/10284444043470614804/68264E7677CB571337E9F1C64C6C11B0F16E7237/,https://steamusercontent-a.akamaihd.net/ugc/15102481530365419978/378D018336879A08164219814CF1E44CDB18B0AC/,DeckCustom#40407d
10,7,70,https://steamusercontent-a.akamaihd.net/ugc/14750579919931740755/860B38740A1F1BA7DD384F7437B7D8754D50D23E/,https://steamusercontent-a.akamaihd.net/ugc/15585857953165331570/9E20779E0EF8D28A60070166166F88209670D76F/,DeckCustom#6e177c
10,7,70,https://steamusercontent-a.akamaihd.net/ugc/10366725629433571171/3EFDCECAF2A5123FABCFC871D490A8A849A4FBD3/,https://steamusercontent-a.akamaihd.net/ugc/16588733390811899303/62D7F843D1F892017A00B5C1FA9870477E1A5FA0/,DeckCustom#297d5c
10,7,70,https://steamusercontent-a.akamaihd.net/ugc/16932085348700253693/53A4C004F7C74CA54FDF65189BE31CB980806C15/,https://steamusercontent-a.akamaihd.net/ugc/14868541966671703134/76D8980B09BEF05832B9E4FDDB67DC017CB50D3C/,DeckCustom#e16201
10,7,70,https://steamusercontent-a.akamaihd.net/ugc/17148148513940922592/5ED972413ED8832D53D2D636EC34B29A0E2AD20D/,https://steamusercontent-a.akamaihd.net/ugc/16276969961787138688/898B3C0151A03AFBF84E44CEADE9DA7A12465F12/,DeckCustom#6b8015 | Card#d785a4
10,7,70,https://steamusercontent-a.akamaihd.net/ugc/17737869902680146348/12DCDA01FE7DEFF34227BED734B507C9960F5298/,https://steamusercontent-a.akamaihd.net/ugc/13836990229102513856/C8D6AF618B1DD790562EF19C4DA49FD4FE0384ED/,DeckCustom#abbcb7
10,7,70,https://steamusercontent-a.akamaihd.net/ugc/9694408580419002679/2C0832EF5DEC741C5CFC18CD5FB3EA73467EF050/,https://steamusercontent-a.akamaihd.net/ugc/17542857167244573751/06457EC0D17D4EDC5C12BBD3330F215502313D99/,Deck#9671c4 | Card#59fda8 | Card#a94ab2
10,7,70,https://steamusercontent-a.akamaihd.net/ugc/18205702399753856358/6D0DBA7C0C99DF42A42D2D6ADC7CA57321BF37A7/,https://steamusercontent-a.akamaihd.net/ugc/9660329485495118215/79706F5440BE039382383ECA3B64296585B2B4C1/,Deck#6537e1 | Card#3d248b | Card#90aa37
10,7,70,https://steamusercontent-a.akamaihd.net/ugc/9705892066924990912/8DAB76422B54B437B71BDAA29ADD937A3DDEED8C/,https://steamusercontent-a.akamaihd.net/ugc/14590668454424721586/078C62098AB8ECE08654CD3ABB4793794EE14E6C/,Card#eb0e84 | Card#d0b89c | Card#a296da | Card#b36103 | Card#191708 | Card#cea1b3
10,7,70,https://steamusercontent-a.akamaihd.net/ugc/14160559764690747986/41A37ED4C320CCD1DA70FCD3BA8F665336E8E4AC/,https://steamusercontent-a.akamaihd.net/ugc/10544920560782028533/87A3947590FDC31D60754C09262C81542AF7372A/,Deck#c68a2e
10,7,70,https://steamusercontent-a.akamaihd.net/ugc/18394870055339143117/D09CF19EF2EA9896D44BAEB9F23B3D67C7680E93/,https://steamusercontent-a.akamaihd.net/ugc/10544920560782028533/87A3947590FDC31D60754C09262C81542AF7372A/,Deck#eaf5f3 | Card#403fe5 | Card#4970b4
10,7,70,https://steamusercontent-a.akamaihd.net/ugc/9391407719208458031/CBFB74425001830E3CD0717A6FE8CEB32EDB0EEE/,https://steamusercontent-a.akamaihd.net/ugc/15596065229435097165/82CCF1FF9150BE2E968D998D892B3D40CB8F54EC/,Card#d343d7 | Deck#f88d57 | Card#e5a495 | Card#d1e839 | Card#ebcc42 | Card#da4c81 | Card#76527d | Card#d61b82
10,7,70,https://steamusercontent-a.akamaihd.net/ugc/9343115057526176506/D4FE2C276DEF85E29F6EB22E8A8B3306A907C083/,https://steamusercontent-a.akamaihd.net/ugc/12636033598014099589/E8FD1C6098B58ED175C428F35F375807E91D890D/,Deck#ec9c29 | Card#16c5a8 | Card#7d1b62 | Card#ef44d6