type,nickname,description,guid,pos,scale,image,lua_len,contained
Counter,回合,,2cb1ca,-50 0.92 -9,2 1.5 2,,0,0
Counter,同盟国得分,,06173b,-50 1.96 2,2 2 2,,0,0
Counter,轴心国得分,,e7cee1,-50 1.96 -2,2 2 2,,0,0
Counter,日本响应卡,,e2c72b,2 0.92 -34,1.5 1.5 1.5,,0,0
Counter,意大利响应卡,,00f7d6,37 1.95 -34,1.5 1.5 1.5,,0,0
Counter,苏联响应卡,,93bdf3,-2 1.95 34,1.5 1.5 1.5,,0,0
Counter,英国响应卡,,667a43,-37 1.95 34,1.5 1.5 1.5,,0,0
Infinite_Bag,2 计分标记,,4a61d9,50 0.94 0,1.5 1.5 1.5,,0,1
Infinite_Bag,1 计分标记,,ac7418,50 0.94 5,1.5 1.5 1.5,,0,1
Infinite_Bag,补给点,,ce492f,50 0.94 10,1.5 1.5 1.5,,0,1
Infinite_Bag,3 计分标记,,5383d2,50 0.94 -5,1.5 1.5 1.5,,0,1
Infinite_Bag,4 计分标记,,752184,50 0.94 -10,1.5 1.5 1.5,,0,1
Custom_Assetbundle,,,afc863,-39.6 -9 -25.2,1 1 1,,0,0
Custom_Assetbundle,,,c8edca,-39.6 -9 25.2,1 1 1,,0,0
Custom_Assetbundle,,,393bf7,39.6 -9 25.2,1 1 1,,0,0
Custom_Assetbundle,,,12c65e,39.6 -9 -25.2,1 1 1,,0,0
Chinese_Checkers_Piece,Flex Table Control,,bd69bd,58.76 -0.26 -47.32,1.65 1.65 1.65,,16320,0
Custom_Assetbundle,,,f938a2,0 -9 -25.2,3.2 1 1,,0,0
Custom_Assetbundle,,,9f95fd,-39.6 -9 0,2.4 1 1,,0,0
Custom_Assetbundle,,,35b95f,0 -9 25.2,3.2 1 1,,0,0
Custom_Assetbundle,,,5af8f2,39.6 -9 0,2.4 1 1,,0,0
Custom_Model,,,4ee1f2,0 -9 0,3.2 1 2.4,,0,0
Bag,,,e8fdd1,-50 1.19 15.5,2 2 2,,0,0
Digital_Clock,,,367410,-50 3 -15,1.5 1.5 1.5,,0,0
Digital_Clock,,,0dc5c9,-50 3 -19,1.5 1.5 1.5,,0,0
Custom_PDF,,,1d0c3f,-22 1.5 -32,3 1 3,,0,0
Counter,紧张度,,c90986,-50 2.55 9,2 1.5 2,,0,0
Custom_Board,,,f7f433,0 0.92 0,1.75 1.75 1.75,https://steamusercontent-a.akamaihd.net/ugc/14990199862012073024/15DCABABA4B7EF61F6744BF68F89B7A3A5D88514/,0,0