nickname,description,guid,posX,posY,posZ,rotX,rotY,rotZ,image,image_secondary,states
德国陆军,,7d792c,-39.5,1.63,-29.25,0,180,0.1,https://steamusercontent-a.akamaihd.net/ugc/13815454914944608397/F3867D6CF7E281FC1F59C5C0D1108CE161DD3993/,,0
德国海军,,f22025,-39.5,1.63,-28,0,180,0.1,https://steamusercontent-a.akamaihd.net/ugc/15312891231811053383/19A0FD14E4D57DAB0753FD3C617089FFA15DEE03/,,0
德国空军,,8d5290,-39.5,1.63,-26.75,0,180,0.1,https://steamusercontent-a.akamaihd.net/ugc/13184364099629931992/E06DADB5D6D7D5AE180BCDB2A1FBB3EE2FDCB9F7/,,0
英国陆军,,9979ca,-33.46,2.06,10.96,0,180,0,https://steamusercontent-a.akamaihd.net/ugc/13152070496920374223/DB3FDEED580EF33E162BF88AC0B95280348C40E1/,,0
英国海军,,cf9cbc,-35.5,1.64,28,0,180,0.1,https://steamusercontent-a.akamaihd.net/ugc/13165234349352312888/E8C13AAEEF862B13DA2F3C9F8528AD6CDECD3F03/,,0
英国空军,,ad2ed2,-30.5,1.63,26.75,0,180,0.1,https://steamusercontent-a.akamaihd.net/ugc/18120249719553903908/D100F25099DD87B25148DF5FCD6925B400CF1E9B/,,0
法国陆军,,47a946,-40.5,1.65,29.25,0,180,0.1,https://steamusercontent-a.akamaihd.net/ugc/10791691450711146403/BBE8E6D309950600C279331302ACB3E9FE8CF03B/,,0
法国海军,,f3348b,-39.27,1.64,28,0,180,0.1,https://steamusercontent-a.akamaihd.net/ugc/11945112656166946869/E97C4D1C94559B3359AA4CA35F621FCC5446CECC/,,0
法国海军,,a2e52d,-40.5,1.65,28,0,180,0.1,https://steamusercontent-a.akamaihd.net/ugc/11945112656166946869/E97C4D1C94559B3359AA4CA35F621FCC5446CECC/,,0
日本空军,,e04218,-1.5,1.58,-26.75,0,180,0.1,https://steamusercontent-a.akamaihd.net/ugc/16748437309582876539/A0A84A892AAA60ADDEF95E569F717E86829256C7/,,0
日本海军,,ff709a,-1.5,1.58,-28,0,180,0.1,https://steamusercontent-a.akamaihd.net/ugc/17548000380033554354/63DFABB0E501CF5B130F4E516C57AEAB8E533A4A/,,0
日本陆军,,0d36bc,5,2.06,1.73,0,180,0,https://steamusercontent-a.akamaihd.net/ugc/15802818781933670214/55BE7B673A8131285CE9EA7D772C7BFEA3448EC0/,,0
苏联陆军,,c45a48,-1.5,1.59,29.25,0,180,0.1,https://steamusercontent-a.akamaihd.net/ugc/14870055553556460086/D74F89A9776E70C27C0EFCEDA479F975ED7EE791/,,0
苏联海军,,a2c3cf,4.75,1.58,28,0,180,0.1,https://steamusercontent-a.akamaihd.net/ugc/14644190662631811005/62F2B5BDF8D5C7B0478EA7197232D481CA4B2952/,,0
苏联空军,,03cb42,4.75,1.58,26.75,0,180,0.1,https://steamusercontent-a.akamaihd.net/ugc/16393327091923152437/409C21CBADDDFDD0B2CC8495167EDA2E7D552E8A/,,0
意大利海军,,322336,30.5,1.53,-28,0,180,0.1,https://steamusercontent-a.akamaihd.net/ugc/14704069307881539924/B013344171CC7B7074D7E3DD74D4DA4FCFAFF170/,,0
意大利空军,,747d8f,30.5,1.53,-26.75,0,180,0.1,https://steamusercontent-a.akamaihd.net/ugc/16962094001918944647/69AE0B5056DE396CBEA725B4FD5683DA86F48AC0/,,0
意大利陆军,,140635,-29.25,2.06,5.89,0,180,0,https://steamusercontent-a.akamaihd.net/ugc/13048904579994368383/7CEE2850D6AA44F6B43143D1C1D8B4E7722BD677/,,0
中国陆军,,ab8da2,0.01,2.06,-0.45,0,180,0,https://steamusercontent-a.akamaihd.net/ugc/15559696623162319167/C303BF365CC16E8CA2D29D4186E36B465EA1F751/,,0
,,e9de48,26.75,1.55,28,0,180,0.1,https://steamusercontent-a.akamaihd.net/ugc/17070087678996328465/4C1413D4FEF2DCAB511E52B714EEB3CFC30A7554/,,0
美国陆军,,89da8f,28.87,2.06,5.19,0,180,0,https://steamusercontent-a.akamaihd.net/ugc/14990812773301741763/32BA05A69C613F9DB45584034A2C57749AF2305B/,,0
美国海军,,320dc1,33,1.54,28,0,180,0.1,https://steamusercontent-a.akamaihd.net/ugc/11316868529011845627/141BDEE339C984408E1F7DCD43FEC495D15F9C03/,,0
美国空军,,e049b2,35.5,1.54,26.75,0,180,0.1,https://steamusercontent-a.akamaihd.net/ugc/14721931948001086545/D9A3CE5F94F24EDE1C3171FB51A96253F34666AC/,,0
美国空军 预备役,,ceb4cc,31.75,1.55,26.75,0,180,0.1,https://steamusercontent-a.akamaihd.net/ugc/14721931948001086545/D9A3CE5F94F24EDE1C3171FB51A96253F34666AC/,,0
法国空军,,fd1268,-39.25,1.64,26.75,0,180,0.1,https://steamusercontent-a.akamaihd.net/ugc/9728338914134526111/A2ABCE81C9A0CAB9B65ED555EE2DEE22D12FA1EF/,,0
德国陆军,,66c3f9,-37,1.62,-29.25,0,180,0.1,https://steamusercontent-a.akamaihd.net/ugc/13815454914944608397/F3867D6CF7E281FC1F59C5C0D1108CE161DD3993/,,0
德国陆军,,878bbf,-33.25,1.62,-29.25,0,180,0.1,https://steamusercontent-a.akamaihd.net/ugc/13815454914944608397/F3867D6CF7E281FC1F59C5C0D1108CE161DD3993/,,0
德国陆军,,c48331,-38.25,1.63,-29.25,0,180,0.1,https://steamusercontent-a.akamaihd.net/ugc/13815454914944608397/F3867D6CF7E281FC1F59C5C0D1108CE161DD3993/,,0
德国陆军,,95bf9a,-35.77,1.62,-29.25,0,180,0.1,https://steamusercontent-a.akamaihd.net/ugc/13815454914944608397/F3867D6CF7E281FC1F59C5C0D1108CE161DD3993/,,0
德国陆军,,3cd207,-34.5,1.62,-29.25,0,180,0.1,https://steamusercontent-a.akamaihd.net/ugc/13815454914944608397/F3867D6CF7E281FC1F59C5C0D1108CE161DD3993/,,0
德国陆军,,5f52b6,-28.21,2.06,7.72,0,180,0,https://steamusercontent-a.akamaihd.net/ugc/13815454914944608397/F3867D6CF7E281FC1F59C5C0D1108CE161DD3993/,,0
德国海军,,0392e9,-38.25,1.63,-28,0,180,0.1,https://steamusercontent-a.akamaihd.net/ugc/15312891231811053383/19A0FD14E4D57DAB0753FD3C617089FFA15DEE03/,,0
德国海军,,812072,-37,1.62,-28,0,180,0.1,https://steamusercontent-a.akamaihd.net/ugc/15312891231811053383/19A0FD14E4D57DAB0753FD3C617089FFA15DEE03/,,0
德国空军,,4edb28,-38.25,1.63,-26.75,0,180,0.1,https://steamusercontent-a.akamaihd.net/ugc/13184364099629931992/E06DADB5D6D7D5AE180BCDB2A1FBB3EE2FDCB9F7/,,0
日本陆军,,974faf,-1.5,1.57,-29.25,0,180,0.1,https://steamusercontent-a.akamaihd.net/ugc/15802818781933670214/55BE7B673A8131285CE9EA7D772C7BFEA3448EC0/,,0
日本陆军,,693dc6,-0.25,1.57,-29.25,0,180,0.1,https://steamusercontent-a.akamaihd.net/ugc/15802818781933670214/55BE7B673A8131285CE9EA7D772C7BFEA3448EC0/,,0
日本陆军,,5cd165,1,1.57,-29.25,0,180,0.1,https://steamusercontent-a.akamaihd.net/ugc/15802818781933670214/55BE7B673A8131285CE9EA7D772C7BFEA3448EC0/,,0
日本陆军,,7bd43e,2.25,1.57,-29.25,0,180,0.1,https://steamusercontent-a.akamaihd.net/ugc/15802818781933670214/55BE7B673A8131285CE9EA7D772C7BFEA3448EC0/,,0
日本海军,,6323e6,-0.25,1.57,-28,0,180,0.1,https://steamusercontent-a.akamaihd.net/ugc/17548000380033554354/63DFABB0E501CF5B130F4E516C57AEAB8E533A4A/,,0
日本海军,,7d2f1a,1,1.57,-28,0,180,0.1,https://steamusercontent-a.akamaihd.net/ugc/17548000380033554354/63DFABB0E501CF5B130F4E516C57AEAB8E533A4A/,,0
日本海军,,265dec,2.25,1.57,-28,0,180,0.1,https://steamusercontent-a.akamaihd.net/ugc/17548000380033554354/63DFABB0E501CF5B130F4E516C57AEAB8E533A4A/,,0
日本海军,,90001f,3.5,1.57,-28,0,180,0.1,https://steamusercontent-a.akamaihd.net/ugc/17548000380033554354/63DFABB0E501CF5B130F4E516C57AEAB8E533A4A/,,0
日本空军,,e7a894,-0.25,1.57,-26.75,0,180,0.1,https://steamusercontent-a.akamaihd.net/ugc/16748437309582876539/A0A84A892AAA60ADDEF95E569F717E86829256C7/,,0
意大利陆军,,b1ccde,30.49,1.53,-29.25,0,180,0.1,https://steamusercontent-a.akamaihd.net/ugc/13048904579994368383/7CEE2850D6AA44F6B43143D1C1D8B4E7722BD677/,,0
意大利陆军,,f4178c,31.75,1.53,-29.25,0,180,0.1,https://steamusercontent-a.akamaihd.net/ugc/13048904579994368383/7CEE2850D6AA44F6B43143D1C1D8B4E7722BD677/,,0
意大利陆军,,de546f,33,1.53,-29.25,0,180,0.1,https://steamusercontent-a.akamaihd.net/ugc/13048904579994368383/7CEE2850D6AA44F6B43143D1C1D8B4E7722BD677/,,0
意大利陆军 预备役,,c4edd9,36.75,1.52,-29.25,0,180,0.1,https://steamusercontent-a.akamaihd.net/ugc/13048904579994368383/7CEE2850D6AA44F6B43143D1C1D8B4E7722BD677/,,0
意大利海军,,a8cdab,31.75,1.53,-28,0,180.3,0.1,https://steamusercontent-a.akamaihd.net/ugc/14704069307881539924/B013344171CC7B7074D7E3DD74D4DA4FCFAFF170/,,0
意大利海军,,05e36f,33,1.53,-28,0,180,0.1,https://steamusercontent-a.akamaihd.net/ugc/14704069307881539924/B013344171CC7B7074D7E3DD74D4DA4FCFAFF170/,,0
英国空军,,e89b53,-31.75,1.63,26.75,0,180,0.1,https://steamusercontent-a.akamaihd.net/ugc/18120249719553903908/D100F25099DD87B25148DF5FCD6925B400CF1E9B/,,0
英国海军,,9a39ef,-34.25,1.64,28,0,180,0.1,https://steamusercontent-a.akamaihd.net/ugc/13165234349352312888/E8C13AAEEF862B13DA2F3C9F8528AD6CDECD3F03/,,0
英国海军,,e08792,-33,1.64,28,0,180,0.1,https://steamusercontent-a.akamaihd.net/ugc/13165234349352312888/E8C13AAEEF862B13DA2F3C9F8528AD6CDECD3F03/,,0
英国海军,,9d75ec,-31.75,1.63,28,0,180,0.1,https://steamusercontent-a.akamaihd.net/ugc/13165234349352312888/E8C13AAEEF862B13DA2F3C9F8528AD6CDECD3F03/,,0
英国海军,,b654f8,-30.5,1.63,28,0,180,0.1,https://steamusercontent-a.akamaihd.net/ugc/13165234349352312888/E8C13AAEEF862B13DA2F3C9F8528AD6CDECD3F03/,,0
英国陆军,,bb2b07,-30.5,1.63,29.25,0,180,0.1,https://steamusercontent-a.akamaihd.net/ugc/13152070496920374223/DB3FDEED580EF33E162BF88AC0B95280348C40E1/,,0
英国陆军,,5bf23a,-31.75,1.63,29.25,0,180,0.1,https://steamusercontent-a.akamaihd.net/ugc/13152070496920374223/DB3FDEED580EF33E162BF88AC0B95280348C40E1/,,0
英国陆军,,7eac87,-33,1.64,29.25,0,180,0.1,https://steamusercontent-a.akamaihd.net/ugc/13152070496920374223/DB3FDEED580EF33E162BF88AC0B95280348C40E1/,,0
英国陆军,,f20207,-34.23,1.64,29.25,0,179.9,0.1,https://steamusercontent-a.akamaihd.net/ugc/13152070496920374223/DB3FDEED580EF33E162BF88AC0B95280348C40E1/,,0
英国陆军,,9416da,-35.5,1.64,29.25,0,180,0.1,https://steamusercontent-a.akamaihd.net/ugc/13152070496920374223/DB3FDEED580EF33E162BF88AC0B95280348C40E1/,,0
法国陆军,,ddf91c,-39.25,1.64,29.25,0,180,0.1,https://steamusercontent-a.akamaihd.net/ugc/10791691450711146403/BBE8E6D309950600C279331302ACB3E9FE8CF03B/,,0
法国陆军,,1ced40,-31.29,2.06,7.22,0,180,0,https://steamusercontent-a.akamaihd.net/ugc/10791691450711146403/BBE8E6D309950600C279331302ACB3E9FE8CF03B/,,0
苏联陆军,,bdd1ac,-20.69,2.06,9.18,0,180,0,https://steamusercontent-a.akamaihd.net/ugc/14870055553556460086/D74F89A9776E70C27C0EFCEDA479F975ED7EE791/,,0
苏联陆军,,207f20,-0.25,1.59,29.25,0,180,0.1,https://steamusercontent-a.akamaihd.net/ugc/14870055553556460086/D74F89A9776E70C27C0EFCEDA479F975ED7EE791/,,0
苏联陆军,,2f1bcc,1,1.59,29.25,0,180,0.1,https://steamusercontent-a.akamaihd.net/ugc/14870055553556460086/D74F89A9776E70C27C0EFCEDA479F975ED7EE791/,,0
苏联陆军,,24374d,2.25,1.59,29.25,0,180,0.1,https://steamusercontent-a.akamaihd.net/ugc/14870055553556460086/D74F89A9776E70C27C0EFCEDA479F975ED7EE791/,,0
苏联陆军,,a22f8e,3.5,1.59,29.25,0,180,0.1,https://steamusercontent-a.akamaihd.net/ugc/14870055553556460086/D74F89A9776E70C27C0EFCEDA479F975ED7EE791/,,0
苏联陆军,,705ac7,4.75,1.58,29.25,0,180,0.1,https://steamusercontent-a.akamaihd.net/ugc/14870055553556460086/D74F89A9776E70C27C0EFCEDA479F975ED7EE791/,,0
中国陆军,,e3c3b5,26.75,1.55,29.25,0,180,0.1,https://steamusercontent-a.akamaihd.net/ugc/15559696623162319167/C303BF365CC16E8CA2D29D4186E36B465EA1F751/,,0
中国陆军 预备役,,83884d,21.75,1.56,29.25,0,180,0.1,https://steamusercontent-a.akamaihd.net/ugc/15559696623162319167/C303BF365CC16E8CA2D29D4186E36B465EA1F751/,,0
中国陆军 预备役,,5a95b3,23,1.56,29.25,0,180,0.1,https://steamusercontent-a.akamaihd.net/ugc/15559696623162319167/C303BF365CC16E8CA2D29D4186E36B465EA1F751/,,0
美国空军,,74ffb1,36.75,1.54,26.75,0,180,0.1,https://steamusercontent-a.akamaihd.net/ugc/14721931948001086545/D9A3CE5F94F24EDE1C3171FB51A96253F34666AC/,,0
美国海军,,453f94,34.25,1.54,28,0,180,0.1,https://steamusercontent-a.akamaihd.net/ugc/11316868529011845627/141BDEE339C984408E1F7DCD43FEC495D15F9C03/,,0
美国海军,,d6790a,35.5,1.54,28,0,180,0.1,https://steamusercontent-a.akamaihd.net/ugc/11316868529011845627/141BDEE339C984408E1F7DCD43FEC495D15F9C03/,,0
美国海军,,5cb0be,36.75,1.54,28,0,180,0.1,https://steamusercontent-a.akamaihd.net/ugc/11316868529011845627/141BDEE339C984408E1F7DCD43FEC495D15F9C03/,,0
美国海军,,95b1a4,31.75,1.55,28,0,180,0.1,https://steamusercontent-a.akamaihd.net/ugc/11316868529011845627/141BDEE339C984408E1F7DCD43FEC495D15F9C03/,,0
美国陆军,,381899,36.75,1.54,29.25,0,180,0.1,https://steamusercontent-a.akamaihd.net/ugc/14990812773301741763/32BA05A69C613F9DB45584034A2C57749AF2305B/,,0
美国陆军,,10655a,35.5,1.54,29.25,0,180,0.1,https://steamusercontent-a.akamaihd.net/ugc/14990812773301741763/32BA05A69C613F9DB45584034A2C57749AF2305B/,,0
美国陆军,,96f5f0,34.25,1.54,29.25,0,180,0.1,https://steamusercontent-a.akamaihd.net/ugc/14990812773301741763/32BA05A69C613F9DB45584034A2C57749AF2305B/,,0
美国陆军,,f00a9c,33.01,1.54,29.25,0,180,0.1,https://steamusercontent-a.akamaihd.net/ugc/14990812773301741763/32BA05A69C613F9DB45584034A2C57749AF2305B/,,0
美国陆军,,d17738,31.75,1.55,29.25,0,180,0.1,https://steamusercontent-a.akamaihd.net/ugc/14990812773301741763/32BA05A69C613F9DB45584034A2C57749AF2305B/,,0
日本陆军 预备役,,b18653,6,1.56,-29.25,0,180,0.1,https://steamusercontent-a.akamaihd.net/ugc/15802818781933670214/55BE7B673A8131285CE9EA7D772C7BFEA3448EC0/,,0
法国大本营,,bbd4a4,-34.12,2.06,5.71,0,180,0,https://steamusercontent-a.akamaihd.net/ugc/11054995212039569059/EF2DF90CE7E031E524DA7E24F98DBFA44D304E38/,,0
苏联大本营,,20d723,-19.99,2.06,7.97,0,180,0,https://steamusercontent-a.akamaihd.net/ugc/16918129269734547343/1195B2BC61BC1B1995E758507FEDB664D07C883D/,,0
中国大本营,,10c2f6,-0.06,2.06,1.88,0,180,0,https://steamusercontent-a.akamaihd.net/ugc/11104320475826271944/3EFF22AAE3C749E85A01B53A2DD3E8EE85D0C003/,,0