id,posX,posY,posZ,rotX,rotY,rotZ
1,7,0.96,23,0,0,0
2,-4,0.96,-23,0,0,0
3,-42,1.53,-28,0,0,0
4,-4,1.48,-28,0,0,0
5,28,1.43,-28,0,0,0
6,-28,1.53,28,0,0,0
7,7,1.48,28,0,0,0
8,7,1.48,33,0,0,0
9,39,1.44,33,0,0,0
10,39,1.44,28,0,0,0
11,-49,1.54,-23,0,0,0
12,-11,1.49,-23,0,0,0
13,-11,1.49,-28,0,0,0
14,21,1.44,-23,0,0,0
15,21,1.44,-28,0,0,0
16,-21,1.52,23,0,0,0
17,-49,1.54,-28,0,0,0
18,-45.5,1.54,-28,0,0,0
19,-7.5,1.48,-28,0,0,0
20,24.5,1.44,-28,0,0,0
21,42.5,1.43,28,0,0,0
22,10.5,1.47,28,0,0,0
23,-21,1.52,28,0,0,0
24,14,1.47,28,0,0,0
25,-28,1.53,33,0,0,0
26,-1.5,1.47,-29.25,0,0,0
27,-0.25,1.47,-29.25,0,0,0
28,2.25,1.47,-29.25,0,0,0
29,3.5,1.47,-29.25,0,0,0
30,4.75,1.47,-29.25,0,0,0
31,1,1.47,-29.25,0,0,0
32,-39.5,1.53,-29.25,0,0,0
33,-38.25,1.53,-29.25,0,0,0
34,-37,1.52,-29.25,0,0,0
35,-35.77,1.52,-29.25,0,0,0
36,-33.25,1.52,-29.25,0,0,0
37,-34.5,1.52,-29.25,0,0,0
38,-32,1.52,-29.25,0,0,0
39,30.49,1.43,-29.25,0,0,0
40,31.75,1.43,-29.25,0,0,0
41,33,1.43,-29.25,0,0,0
42,34.25,1.43,-29.25,0,0,0
43,35.5,1.42,-29.25,0,0,0
44,-39.5,1.53,-28,0,0,0
45,-38.25,1.53,-28,0,0,0
46,-37,1.53,-28,0,0,0
47,-39.5,1.53,-26.75,0,0,0
48,-38.25,1.53,-26.75,0,0,0
49,-1.5,1.48,-26.75,0,0,0
50,-0.25,1.47,-26.75,0,0,0
51,-0.25,1.47,-28,0,0,0
52,-1.5,1.48,-28,0,0,0
53,1,1.47,-28,0,0,0
54,2.25,1.47,-28,0,0,0
55,3.5,1.47,-28,0,0,0
56,30.5,1.43,-26.75,0,0,0
57,30.5,1.43,-28,0,0,0
58,31.75,1.43,-28,0,0,0
59,33,1.43,-28,0,0,0
60,-39.25,1.54,29.25,0,0,0
61,-40.5,1.55,29.25,0,0,0
62,-41.75,1.55,29.25,0,0,0
63,-36.75,1.54,29.25,0,0,0
64,-35.5,1.54,29.25,0,0,0
65,-34.23,1.54,29.25,0,0,0
66,-33,1.54,29.25,0,0,0
67,-31.75,1.53,29.25,0,0,0
68,-30.5,1.53,29.25,0,0,0
69,-39.27,1.54,28,0,0,0
70,-40.5,1.55,28,0,0,0
71,-34.25,1.54,28,0,0,0
72,-33,1.54,28,0,0,0
73,-31.75,1.53,28,0,0,0
74,-30.5,1.53,28,0,0,0
75,-35.5,1.54,28,0,0,0
76,-39.25,1.54,26.75,0,0,0
77,-31.75,1.53,26.75,0,0,0
78,-30.5,1.53,26.75,0,0,0
79,4.75,1.48,26.75,0,0,0
80,4.75,1.48,28,0,0,0
81,4.75,1.48,29.25,0,0,0
82,3.5,1.48,29.25,0,0,0
83,2.25,1.49,29.25,0,0,0
84,1,1.49,29.25,0,0,0
85,-0.25,1.49,29.25,0,0,0
86,-1.5,1.49,29.25,0,0,0
87,-2.75,1.49,29.25,0,0,0
88,31.75,1.45,26.75,0,0,0
89,35.5,1.44,26.75,0,0,0
90,36.75,1.44,26.75,0,0,0
91,36.75,1.44,28,0,0,0
92,35.5,1.44,28,0,0,0
93,34.25,1.44,28,0,0,0
94,33,1.44,28,0,0,0
95,31.75,1.45,28,0,0,0
96,31.75,1.45,29.25,0,0,0
97,33.01,1.44,29.25,0,0,0
98,34.25,1.44,29.25,0,0,0
99,35.5,1.44,29.25,0,0,0
100,36.75,1.44,29.25,0,0,0
101,26.75,1.45,29.25,0,0,0
102,25.5,1.45,29.25,0,0,0
103,24.25,1.46,29.25,0,0,0
104,30.5,1.45,29.25,0,0,0
105,26.75,1.45,28,0,0,0
106,23,1.46,29.25,0,0,0
107,21.75,1.46,29.25,0,0,0
108,34.25,1.44,26.75,0,0,0
109,6,1.46,-29.25,0,0,0
110,36.75,1.42,-29.25,0,0,0
111,-35,1.52,-23,0,0,0
112,-31.5,1.52,-23,0,0,0
113,-28,1.51,-23,0,0,0
114,-24.5,1.51,-23,0,0,0
115,-21,1.5,-23,0,0,0
116,-0.5,1.48,-23,0,0,0
117,3,1.47,-23,0,0,0
118,6.5,1.46,-23,0,0,0
119,10,1.46,-23,0,0,0
120,13.5,1.46,-23,0,0,0
121,17,1.45,-23,0,0,0
122,28,1.44,-23,0,0,0
123,31.5,1.43,-23,0,0,0
124,35,1.43,-23,0,0,0
125,38.5,1.42,-23,0,0,0
126,42,1.42,-23,0,0,0
127,45.5,1.41,-23,0,0,0
128,49,1.41,-23,0,0,0
129,39,1.43,23,0,0,0
130,35.5,1.44,23,0,0,0
131,32,1.44,23,0,0,0
132,28.5,1.45,23,0,0,0
133,25,1.45,23,0,0,0
134,21.5,1.46,23,0,0,0
135,17.5,1.46,23,0,0,0
136,3.5,1.48,22.99,0,0,0
137,0,1.49,22.99,0,0,0
138,-3.5,1.49,22.99,0,0,0
139,-7,1.5,22.99,0,0,0
140,-10.5,1.5,22.99,0,0,0
141,-14,1.51,22.99,0,0,0
142,-17.5,1.51,22.99,0,0,0
143,-28,1.53,23,0,0,0
144,-31.5,1.53,23,0,0,0
145,-35,1.54,23,0,0,0
146,-38.5,1.54,23,0,0,0
147,-42,1.55,23,0,0,0
148,-45.5,1.55,23,0,0,0
149,-49,1.56,23,0,0,0
150,10.5,1.47,23,0,0,0
151,14,1.47,23,0,0,0
152,-24.5,1.52,23,0,0,0
153,46,1.42,23,0,0,0
154,42.5,1.43,23,0,0,0
155,46,1.43,28,0,0,0
156,-7.5,1.49,-23,0,0,0
157,-45.5,1.54,-23,0,0,0
158,-42,1.53,-23,0,0,0
159,24.5,1.44,-23,0,0,0
160,-24.5,1.52,28,0,0,0
161,-24.5,1.52,33,0,0,0
162,-21,1.52,33,0,0,0
163,10.5,1.48,33,0,0,0
164,14,1.47,33,0,0,0
165,-45.5,1.54,-33,0,0,0
166,-42,1.53,-33,0,0,0
167,-49,1.54,-33,0,0,0
168,-11,1.49,-33,0,0,0
169,-7.5,1.48,-33,0,0,0
170,-4,1.48,-33,0,0,0
171,21,1.44,-33,0,0,0
172,24.5,1.44,-33,0,0,0
173,28,1.43,-33,0,0,0
174,42.5,1.43,33,0,0,0
175,46,1.43,33,0,0,0
176,-42,1.53,-18,0,0,0
177,-38.5,1.53,-23,0,0,0
178,-38.5,1.53,-18,0,0,0
179,-35,1.53,-18,0,0,0
180,-31.5,1.52,-18,0,0,0
181,-28,1.52,-18,0,0,0
182,-24.5,1.51,-18,0,0,0
183,-21,1.5,-18,0,0,0
184,-17.5,1.5,-18,0,0,0
185,-17.5,1.5,-23,0,0,0
186,-11,1.49,-18,0,0,0
187,-7.5,1.49,-18,0,0,0
188,-4,1.48,-18,0,0,0
189,-0.5,1.48,-18,0,0,0
190,3,1.47,-18,0,0,0
191,6.5,1.47,-18,0,0,0
192,10,1.46,-18,0,0,0
193,13.5,1.46,-18,0,0,0
194,17,1.45,-18,0,0,0
195,21,1.45,-18.01,0,0,0
196,24.5,1.44,-18.01,0,0,0
197,28,1.44,-18.01,0,0,0
198,31.5,1.43,-18.01,0,0,0
199,35,1.42,-18.01,0,0,0
200,38.5,1.42,-18.01,0,0,0
201,42,1.42,-18.01,0,0,0
202,45.5,1.41,-18.01,0,0,0
203,49,1.41,-18.01,0,0,0
204,-21,1.52,18,0,0,0
205,-24.5,1.52,18,0,0,0
206,-28,1.53,18,0,0,0
207,-31.5,1.53,18,0,0,0
208,-35,1.53,18,0,0,0
209,-38.5,1.54,18,0,0,0
210,-42,1.54,18,0,0,0
211,-17.5,1.51,18,0,0,0
212,-14,1.5,18,0,0,0
213,-10.5,1.5,18,0,0,0
214,-7,1.5,18,0,0,0
215,-3.5,1.49,18,0,0,0
216,0,1.49,18,0,0,0
217,3.5,1.48,18,0,0,0
218,7,1.48,18.01,0,0,0
219,10.5,1.47,18.02,0,0,0
220,14,1.47,18.02,0,0,0
221,17.5,1.46,18.02,0,0,0
222,21.5,1.45,18.02,0,0,0
223,25,1.45,18.02,0,0,0
224,28.5,1.45,18.03,0,0,0
225,32,1.44,18.03,0,0,0
226,35.51,1.44,18.02,0,0,0
227,39,1.43,18,0,0,0
228,42.49,1.43,18.03,0,0,0
229,46,1.42,18.04,0,0,0