id,name_CN,terrain,supply,home_base,note
iceland,冰岛,land,,,北大西洋岛屿
britain,不列颠,land,TRUE,英国,米字旗本土
west_europe,西欧,land,TRUE,法国,含法国本土
north_europe,北欧,land,TRUE,,
baltic_sea,波罗的海,sea,,,海峡连接北海
germany,德国,land,TRUE,德国,
east_europe,东欧,land,,,波兰/东欧
balkans,巴尔干,land,,,
italy,意大利,land,TRUE,意大利,
ukraine,乌克兰,land,TRUE,,
moscow,莫斯科,land,TRUE,苏联,红框=苏联大本营
russia,罗斯,land,,,苏联本土
black_sea,黑海,sea,,,
mediterranean,地中海,sea,,,海峡
azores,亚速尔,land,,,海峡(大西洋)
north_africa,非洲北部,land,TRUE,,含埃及/利比亚/阿尔及利亚
middle_east,中东,land,TRUE,,
siberia,西伯利亚,land,,,
central_asia,中亚,land,,,
mongolia,蒙古,land,,,
china_west,中国西部,land,TRUE,中国,
china_east,中国东部,land,TRUE,中国,红框=中国大本营
china_northeast,中国东北,land,,,伪满洲国
india,印度,land,TRUE,,
sea_of_japan,东海,sea,,,
vladivostok,海参崴,land,,,
alaska,阿拉斯加,land,,,
japan,日本,land,TRUE,日本,
iwo_jima,硫磺岛,land,,,
hawaii,夏威夷,land,TRUE,,
north_pacific,北太平洋,sea,,,
canada,加拿大,land,TRUE,,
usa,美国,land,TRUE,美国,深蓝色特殊
north_atlantic,北大西洋,sea,,,
africa_south,非洲南部,land,TRUE,,
africa_east,非洲东部,land,,,
madagascar,马达加斯加,land,,,
arabian_sea,阿拉伯海,sea,,,
indian_ocean,印度洋,sea,,,
south_atlantic,南大西洋,sea,,,
southeast_asia,东南亚,land,TRUE,,
south_china_sea,南海,sea,,,
indonesia,印度尼西亚,land,,,
philippines,菲律宾,land,,,
new_guinea,新几内亚,land,,,
australia,澳大利亚,land,TRUE,,
new_zealand,新西兰,land,,,
central_pacific,中太平洋,sea,,,
south_pacific,南太平洋,sea,,,
east_pacific,东太平洋,sea,,,
latin_america,拉丁美洲,land,,,巴拿马海峡
caribbean_sea,加勒比海,sea,,,海峡(推测)
