region_id,pixels,cx,cy,name_CN,terrain,supply,home_base,note
R11,1044017,3536,862,北太平洋,sea,,,
R382,566139,1877,1365,印度洋,sea,,,
R276,523419,353,1248,南大西洋,sea,,,
R7,450008,1992,198,西伯利亚,land,,,
R278,386384,4563,1278,,,,,待识别
R14,362170,4455,510,北大西洋,sea,,,
R2,304875,431,257,不列颠,land,TRUE,英国,
R310,272406,683,1081,非洲南部,land,TRUE,,
R336,245857,3058,946,中太平洋,sea,,,
R332,222197,1397,1073,阿拉伯海,sea,,,
R13,196831,4090,169,加拿大,land,TRUE,,
R261,194128,4199,1054,拉丁美洲,land,,,
R25,193421,2706,602,日本,land,TRUE,日本,
R509,180315,3016,1398,南太平洋,sea,,,
R110,156027,4015,442,美国,land,TRUE,美国,
R387,125312,2494,1163,南海,sea,,,
R176,125073,2063,665,中国西部,land,TRUE,,
R10,104186,2739,215,海参崴,land,,,
R130,97961,1623,506,,,,,待识别
R269,97701,761,732,,,,,待识别
R258,91844,1366,731,中东,land,TRUE,,
R378,84856,1058,1060,非洲东部,land,,,
R1,74947,55,408,北海,sea,,,
R290,67301,1807,817,印度,land,TRUE,,
R513,58805,2756,1394,澳大利亚,land,TRUE,,
R151,52001,829,586,意大利,land,TRUE,意大利,
R12,46200,3482,58,阿拉斯加,land,,,
R4,45787,1247,176,,,,,待识别
R3,41253,1031,98,罗斯,land,,,
R15,40379,4799,291,北大西洋,sea,,,
R128,34720,2203,479,中国东北,land,,,
R107,32302,639,427,西欧,land,TRUE,法国,
R272,28318,2388,759,,,,,待识别
R133,22971,2495,449,蒙古,land,,,
R367,20229,2174,927,东南亚,land,TRUE,,
R144,20182,1299,527,黑海,sea,,,
R147,19940,963,498,,,,,待识别
R132,15235,1140,418,乌克兰,land,TRUE,,
R227,14244,2490,594,中国东北,land,,,
R89,13146,1046,312,德国,land,TRUE,德国,
R79,11057,904,231,波罗的海,sea,,,
R102,9841,1278,290,莫斯科,land,TRUE,苏联,
R549,8887,1167,1390,马达加斯加,land,,,
R495,5850,2839,1156,新几内亚,land,,,
R16,5380,91,37,冰岛,land,,,
R17,5380,4715,37,,,,,待识别
R180,4392,1120,533,,,,,待识别
R511,4390,2436,1244,印度尼西亚,land,,,
R5,4159,1315,50,西伯利亚,land,,,