region_id,center_x,center_z,slots,snap_ids,x_min,x_max,z_min,z_max,name_CN,nation,terrain,supply,home_base,neighbors
1,-49,-33,1,167,-49,-49,-33,-33,,,,,,
2,-45.5,-33,1,165,-45.5,-45.5,-33,-33,,,,,,
3,-42,-33,1,166,-42,-42,-33,-33,,,,,,
4,-11,-33,1,168,-11,-11,-33,-33,,,,,,
5,-7.5,-33,1,169,-7.5,-7.5,-33,-33,,,,,,
6,-4,-33,1,170,-4,-4,-33,-33,,,,,,
7,21,-33,1,171,21,21,-33,-33,,,,,,
8,24.5,-33,1,172,24.5,24.5,-33,-33,,,,,,
9,28,-33,1,173,28,28,-33,-33,,,,,,
10,-35.7,-28,12,32 33 34 35 36 37 38 44 45 46 47 48,-39.5,-32,-29.25,-26.75,,,,,,
11,2.3,-28,14,26 27 28 29 30 31 49 50 51 52 53 54 55 109,-1.5,6,-29.25,-26.75,,,,,,
12,33.6,-28,10,39 40 41 42 43 56 57 58 59 110,30.49,36.75,-29.25,-26.75,,,,,,
13,-49,-28,1,17,-49,-49,-28,-28,,,,,,
14,-45.5,-28,1,18,-45.5,-45.5,-28,-28,,,,,,
15,-42,-28,1,3,-42,-42,-28,-28,,,,,,
16,-11,-28,1,13,-11,-11,-28,-28,,,,,,
17,-7.5,-28,1,19,-7.5,-7.5,-28,-28,,,,,,
18,-4,-28,1,4,-4,-4,-28,-28,,,,,,
19,21,-28,1,15,21,21,-28,-28,,,,,,
20,24.5,-28,1,20,24.5,24.5,-28,-28,,,,,,
21,28,-28,1,5,28,28,-28,-28,,,,,,
22,-49,-23,1,11,-49,-49,-23,-23,,,,,,
23,-45.5,-23,1,157,-45.5,-45.5,-23,-23,,,,,,
24,-42,-23,1,158,-42,-42,-23,-23,,,,,,
25,-38.5,-23,1,177,-38.5,-38.5,-23,-23,,,,,,
26,-35,-23,1,111,-35,-35,-23,-23,,,,,,
27,-31.5,-23,1,112,-31.5,-31.5,-23,-23,,,,,,
28,-28,-23,1,113,-28,-28,-23,-23,,,,,,
29,-24.5,-23,1,114,-24.5,-24.5,-23,-23,,,,,,
30,-21,-23,1,115,-21,-21,-23,-23,,,,,,
31,-17.5,-23,1,185,-17.5,-17.5,-23,-23,,,,,,
32,-11,-23,1,12,-11,-11,-23,-23,,,,,,
33,-7.5,-23,1,156,-7.5,-7.5,-23,-23,,,,,,
34,-4,-23,1,2,-4,-4,-23,-23,,,,,,
35,-0.5,-23,1,116,-0.5,-0.5,-23,-23,,,,,,
36,3,-23,1,117,3,3,-23,-23,,,,,,
37,6.5,-23,1,118,6.5,6.5,-23,-23,,,,,,
38,10,-23,1,119,10,10,-23,-23,,,,,,
39,13.5,-23,1,120,13.5,13.5,-23,-23,,,,,,
40,17,-23,1,121,17,17,-23,-23,,,,,,
41,21,-23,1,14,21,21,-23,-23,,,,,,
42,24.5,-23,1,159,24.5,24.5,-23,-23,,,,,,
43,28,-23,1,122,28,28,-23,-23,,,,,,
44,31.5,-23,1,123,31.5,31.5,-23,-23,,,,,,
45,35,-23,1,124,35,35,-23,-23,,,,,,
46,38.5,-23,1,125,38.5,38.5,-23,-23,,,,,,
47,42,-23,1,126,42,42,-23,-23,,,,,,
48,45.5,-23,1,127,45.5,45.5,-23,-23,,,,,,
49,49,-23,1,128,49,49,-23,-23,,,,,,
50,21,-18,1,195,21,21,-18.01,-18.01,,,,,,
51,24.5,-18,1,196,24.5,24.5,-18.01,-18.01,,,,,,
52,28,-18,1,197,28,28,-18.01,-18.01,,,,,,
53,31.5,-18,1,198,31.5,31.5,-18.01,-18.01,,,,,,
54,35,-18,1,199,35,35,-18.01,-18.01,,,,,,
55,38.5,-18,1,200,38.5,38.5,-18.01,-18.01,,,,,,
56,42,-18,1,201,42,42,-18.01,-18.01,,,,,,
57,45.5,-18,1,202,45.5,45.5,-18.01,-18.01,,,,,,
58,49,-18,1,203,49,49,-18.01,-18.01,,,,,,
59,-42,-18,1,176,-42,-42,-18,-18,,,,,,
60,-38.5,-18,1,178,-38.5,-38.5,-18,-18,,,,,,
61,-35,-18,1,179,-35,-35,-18,-18,,,,,,
62,-31.5,-18,1,180,-31.5,-31.5,-18,-18,,,,,,
63,-28,-18,1,181,-28,-28,-18,-18,,,,,,
64,-24.5,-18,1,182,-24.5,-24.5,-18,-18,,,,,,
65,-21,-18,1,183,-21,-21,-18,-18,,,,,,
66,-17.5,-18,1,184,-17.5,-17.5,-18,-18,,,,,,
67,-11,-18,1,186,-11,-11,-18,-18,,,,,,
68,-7.5,-18,1,187,-7.5,-7.5,-18,-18,,,,,,
69,-4,-18,1,188,-4,-4,-18,-18,,,,,,
70,-0.5,-18,1,189,-0.5,-0.5,-18,-18,,,,,,
71,3,-18,1,190,3,3,-18,-18,,,,,,
72,6.5,-18,1,191,6.5,6.5,-18,-18,,,,,,
73,10,-18,1,192,10,10,-18,-18,,,,,,
74,13.5,-18,1,193,13.5,13.5,-18,-18,,,,,,
75,17,-18,1,194,17,17,-18,-18,,,,,,
76,-42,18,1,210,-42,-42,18,18,,,,,,
77,-38.5,18,1,209,-38.5,-38.5,18,18,,,,,,
78,-35,18,1,208,-35,-35,18,18,,,,,,
79,-31.5,18,1,207,-31.5,-31.5,18,18,,,,,,
80,-28,18,1,206,-28,-28,18,18,,,,,,
81,-24.5,18,1,205,-24.5,-24.5,18,18,,,,,,
82,-21,18,1,204,-21,-21,18,18,,,,,,
83,-17.5,18,1,211,-17.5,-17.5,18,18,,,,,,
84,-14,18,1,212,-14,-14,18,18,,,,,,
85,-10.5,18,1,213,-10.5,-10.5,18,18,,,,,,
86,-7,18,1,214,-7,-7,18,18,,,,,,
87,-3.5,18,1,215,-3.5,-3.5,18,18,,,,,,
88,0,18,1,216,0,0,18,18,,,,,,
89,3.5,18,1,217,3.5,3.5,18,18,,,,,,
90,39,18,1,227,39,39,18,18,,,,,,
91,7,18,1,218,7,7,18.01,18.01,,,,,,
92,10.5,18,1,219,10.5,10.5,18.02,18.02,,,,,,
93,14,18,1,220,14,14,18.02,18.02,,,,,,
94,17.5,18,1,221,17.5,17.5,18.02,18.02,,,,,,
95,21.5,18,1,222,21.5,21.5,18.02,18.02,,,,,,
96,25,18,1,223,25,25,18.02,18.02,,,,,,
97,35.5,18,1,226,35.51,35.51,18.02,18.02,,,,,,
98,28.5,18,1,224,28.5,28.5,18.03,18.03,,,,,,
99,32,18,1,225,32,32,18.03,18.03,,,,,,
100,42.5,18,1,228,42.49,42.49,18.03,18.03,,,,,,
101,46,18,1,229,46,46,18.04,18.04,,,,,,
102,-17.5,23,1,142,-17.5,-17.5,22.99,22.99,,,,,,
103,-14,23,1,141,-14,-14,22.99,22.99,,,,,,
104,-10.5,23,1,140,-10.5,-10.5,22.99,22.99,,,,,,
105,-7,23,1,139,-7,-7,22.99,22.99,,,,,,
106,-3.5,23,1,138,-3.5,-3.5,22.99,22.99,,,,,,
107,0,23,1,137,0,0,22.99,22.99,,,,,,
108,3.5,23,1,136,3.5,3.5,22.99,22.99,,,,,,
109,-49,23,1,149,-49,-49,23,23,,,,,,
110,-45.5,23,1,148,-45.5,-45.5,23,23,,,,,,
111,-42,23,1,147,-42,-42,23,23,,,,,,
112,-38.5,23,1,146,-38.5,-38.5,23,23,,,,,,
113,-35,23,1,145,-35,-35,23,23,,,,,,
114,-31.5,23,1,144,-31.5,-31.5,23,23,,,,,,
115,-28,23,1,143,-28,-28,23,23,,,,,,
116,-24.5,23,1,152,-24.5,-24.5,23,23,,,,,,
117,-21,23,1,16,-21,-21,23,23,,,,,,
118,7,23,1,1,7,7,23,23,,,,,,
119,10.5,23,1,150,10.5,10.5,23,23,,,,,,
120,14,23,1,151,14,14,23,23,,,,,,
121,17.5,23,1,135,17.5,17.5,23,23,,,,,,
122,21.5,23,1,134,21.5,21.5,23,23,,,,,,
123,25,23,1,133,25,25,23,23,,,,,,
124,28.5,23,1,132,28.5,28.5,23,23,,,,,,
125,32,23,1,131,32,32,23,23,,,,,,
126,35.5,23,1,130,35.5,35.5,23,23,,,,,,
127,39,23,1,129,39,39,23,23,,,,,,
128,42.5,23,1,154,42.5,42.5,23,23,,,,,,
129,46,23,1,153,46,46,23,23,,,,,,
130,-40.5,28,6,60 61 62 69 70 76,-41.75,-39.25,26.75,29.25,,,,,,
131,-33.6,28,13,63 64 65 66 67 68 71 72 73 74 75 77 78,-36.75,-30.5,26.75,29.25,,,,,,
132,1,28,9,79 80 81 82 83 84 85 86 87,-2.75,4.75,26.75,29.25,,,,,,
133,33.6,28,15,88 89 90 91 92 93 94 95 96 97 98 99 100 104 108,30.5,36.75,26.75,29.25,,,,,,
134,-28,28,1,6,-28,-28,28,28,,,,,,
135,-24.5,28,1,160,-24.5,-24.5,28,28,,,,,,
136,-21,28,1,23,-21,-21,28,28,,,,,,
137,7,28,1,7,7,7,28,28,,,,,,
138,10.5,28,1,22,10.5,10.5,28,28,,,,,,
139,14,28,1,24,14,14,28,28,,,,,,
140,24.3,28.6,6,101 102 103 105 106 107,21.75,26.75,28,29.25,,,,,,
141,39,28,1,10,39,39,28,28,,,,,,
142,42.5,28,1,21,42.5,42.5,28,28,,,,,,
143,46,28,1,155,46,46,28,28,,,,,,
144,-28,33,1,25,-28,-28,33,33,,,,,,
145,-24.5,33,1,161,-24.5,-24.5,33,33,,,,,,
146,-21,33,1,162,-21,-21,33,33,,,,,,
147,7,33,1,8,7,7,33,33,,,,,,
148,10.5,33,1,163,10.5,10.5,33,33,,,,,,
149,14,33,1,164,14,14,33,33,,,,,,
150,39,33,1,9,39,39,33,33,,,,,,
151,42.5,33,1,174,42.5,42.5,33,33,,,,,,
152,46,33,1,175,46,46,33,33,,,,,,