z_layer,snap_id,x,z,map_area_guess
18,210,-42,18,
18,209,-38.5,18,
18,208,-35,18,
18,207,-31.5,18,
18,206,-28,18,
18,205,-24.5,18,
18,204,-21,18,
18,211,-17.5,18,
18,212,-14,18,
18,213,-10.5,18,
18,214,-7,18,
18,215,-3.5,18,
18,216,0,18,
18,217,3.5,18,
18,218,7,18.01,
18,219,10.5,18.02,
18,220,14,18.02,
18,221,17.5,18.02,
18,222,21.5,18.02,
18,223,25,18.02,
18,224,28.5,18.03,
18,225,32,18.03,
18,226,35.51,18.02,
18,227,39,18,
18,228,42.49,18.03,
18,229,46,18.04,
23,149,-49,23,
23,148,-45.5,23,
23,147,-42,23,
23,146,-38.5,23,
23,145,-35,23,
23,144,-31.5,23,
23,143,-28,23,
23,152,-24.5,23,
23,16,-21,23,
23,142,-17.5,22.99,
23,141,-14,22.99,
23,140,-10.5,22.99,
23,139,-7,22.99,
23,138,-3.5,22.99,
23,137,0,22.99,
23,136,3.5,22.99,
23,1,7,23,
23,150,10.5,23,
23,151,14,23,
23,135,17.5,23,
23,134,21.5,23,
23,133,25,23,
23,132,28.5,23,
23,131,32,23,
23,130,35.5,23,
23,129,39,23,
23,154,42.5,23,
23,153,46,23,
29.25,62,-41.75,29.25,
29.25,61,-40.5,29.25,
29.25,60,-39.25,29.25,
29.25,63,-36.75,29.25,
29.25,64,-35.5,29.25,
29.25,65,-34.23,29.25,
29.25,66,-33,29.25,
29.25,67,-31.75,29.25,
29.25,68,-30.5,29.25,
29.25,87,-2.75,29.25,
29.25,86,-1.5,29.25,
29.25,85,-0.25,29.25,
29.25,84,1,29.25,
29.25,83,2.25,29.25,
29.25,82,3.5,29.25,
29.25,81,4.75,29.25,
29.25,107,21.75,29.25,
29.25,106,23,29.25,
29.25,103,24.25,29.25,
29.25,102,25.5,29.25,
29.25,101,26.75,29.25,
29.25,104,30.5,29.25,
29.25,96,31.75,29.25,
29.25,97,33.01,29.25,
29.25,98,34.25,29.25,
29.25,99,35.5,29.25,
29.25,100,36.75,29.25,
28,70,-40.5,28,
28,69,-39.27,28,
28,75,-35.5,28,
28,71,-34.25,28,
28,72,-33,28,
28,73,-31.75,28,
28,74,-30.5,28,
28,6,-28,28,
28,160,-24.5,28,
28,23,-21,28,
28,80,4.75,28,
28,7,7,28,
28,22,10.5,28,
28,24,14,28,
28,105,26.75,28,
28,95,31.75,28,
28,94,33,28,
28,93,34.25,28,
28,92,35.5,28,
28,91,36.75,28,
28,10,39,28,
28,21,42.5,28,
28,155,46,28,
26.75,76,-39.25,26.75,
26.75,77,-31.75,26.75,
26.75,78,-30.5,26.75,
26.75,79,4.75,26.75,
26.75,88,31.75,26.75,
26.75,108,34.25,26.75,
26.75,89,35.5,26.75,
26.75,90,36.75,26.75,
33,25,-28,33,
33,161,-24.5,33,
33,162,-21,33,
33,8,7,33,
33,163,10.5,33,
33,164,14,33,
33,9,39,33,
33,174,42.5,33,
33,175,46,33,