deck,card_id,sheet,row,col,name_CN,type,ops,effect_CN,img_file,read
CORE,17800,178,0,0,建设陆军,BASIC,,在相邻有补给的我方单位的陆地或本土建设1支陆军,cards_sliced/sheet178_r0_c0.png,沿用英国组文本（卡面无文本区）
CORE,17801,178,0,1,发起陆战,BASIC,,选择1支处于补给状态的本国陆军或海军发起1次陆战,cards_sliced/sheet178_r0_c1.png,沿用英国组文本（卡面无文本区）
CORE,17802,178,0,2,建设海军,BASIC,,相邻有补给我方部队的海域建设海军,cards_sliced/sheet178_r0_c2.png,沿用英国组文本（卡面无文本区）
CORE,17803,178,0,3,发起海战,BASIC,,选择1支处于补给状态的本国陆军或海军发起1次海战,cards_sliced/sheet178_r0_c3.png,沿用英国组文本（卡面无文本区）
CORE,17804,178,0,4,空军力量,BASIC,,部署空军/夺取制空权/调度空军(三选一)调度空军不需要空军力量而需要弃1手牌,cards_sliced/sheet178_r0_c4.png,沿用英国组文本（卡面无文本区）
CORE,17805,178,0,5,红色管弦乐队,EFFECT,1,任一出牌阶段开始时，选择场上1张德国[状态卡]：德国选择 其本回合内无效 或 损耗2张牌。,cards_sliced/sheet178_r0_c5.png,逐张
CORE,17806,178,0,6,空降部队,EFFECT,1,部署或调度空军后，弃置1张[建设陆军]：在相邻地区建设陆军。,cards_sliced/sheet178_r0_c6.png,逐张
CORE,17807,178,0,7,里海舰队,EFFECT,1,计分阶段开始时：在<里海>相邻地区征召1支陆军。,cards_sliced/sheet178_r0_c7.png,逐张
CORE,17808,178,0,8,莫斯科战役,EFFECT,1,苏联陆军被移除后，若场上没有苏联陆军，弃置1张[建设陆军]：在<莫斯科>或相邻地区消灭1支敌方国家陆军。,cards_sliced/sheet178_r0_c8.png,逐张
CORE,17809,178,0,9,骑兵师,EFFECT,1,出牌阶段开始时，弃置1张[建设陆军]，移除场上1支苏联陆军：建设1支陆军。,cards_sliced/sheet178_r0_c9.png,逐张
CORE,17810,178,1,0,维捷布斯克之门,EFFECT,1,计分阶段开始时，弃置1张[建设陆军]和2张手牌：在<莫斯科><罗斯>之一消灭1支敌方国家陆军。,cards_sliced/sheet178_r1_c0.png,逐张
CORE,17811,178,1,1,雅科夫列夫设计局,EFFECT,1,苏联空军被移除后：在该地区或相邻地区部署或调度1支苏联空军。,cards_sliced/sheet178_r1_c1.png,逐张
CORE,17812,178,1,2,亚洲人力储备,EFFECT,1,弃牌阶段开始时：从弃牌堆将1张[建设陆军]置入手牌，1张[建设陆军]洗入牌堆。,cards_sliced/sheet178_r1_c2.png,逐张
CORE,17813,178,1,3,重建要塞,EFFECT,1,弃牌阶段开始时，弃置1张[建设陆军]：检视弃牌堆并选择1张[响应卡]打出。,cards_sliced/sheet178_r1_c3.png,逐张
CORE,17814,178,1,4,进击的朱可夫,EFFECT,1,对<罗斯><乌克兰><东欧><巴尔干>发动战斗后，弃置1张[建设陆军]：在战斗地区建设陆军。,cards_sliced/sheet178_r1_c4.png,逐张
CORE,17815,178,1,5,Z 计划,EFFECT,1,空军阶段开始时：中国部署1支空军 或 中国发起1次夺取制空权。,cards_sliced/sheet178_r1_c5.png,逐张
CORE,17816,178,1,6,RDS-1,EVENT,1,弃置3张手牌，若场上有[曼哈顿计划]改为2张：获得4分。,cards_sliced/sheet178_r1_c6.png,逐张
CORE,17817,178,1,7,进攻是最好的防守,EVENT,1,选择1支相邻苏联陆军的德国陆军：苏联结束中立，对该陆军发起1次陆战。,cards_sliced/sheet178_r1_c7.png,逐张
CORE,17818,178,1,8,冬季攻势,EVENT,1,在<莫斯科>或相邻地区消灭1或2支敌方国家陆军。,cards_sliced/sheet178_r1_c8.png,逐张
CORE,17819,178,1,9,反帝国主义革命,EVENT,1,在<拉丁美洲>消灭1支敌方国家陆军。,cards_sliced/sheet178_r1_c9.png,逐张
CORE,17820,178,2,0,方面军,EVENT,1,在<莫斯科>或相邻地区建设1支陆军。以此陆军发起1次陆战。,cards_sliced/sheet178_r2_c0.png,逐张
CORE,17821,178,2,1,华西列夫斯基出兵远东,EVENT,1,在<海参崴><中国东北>之一征召陆军。对<中国东北><中国东部>之一发起1次陆战。,cards_sliced/sheet178_r2_c1.png,逐张
CORE,17822,178,2,2,诺门坎战役,EVENT,1,在<蒙古>征召陆军。对<中国东北><海参崴>之一发起1次陆战。,cards_sliced/sheet178_r2_c2.png,逐张
CORE,17823,178,2,3,千岛群岛登陆行动,EVENT,1,若<东海>没有日本海军：本回合中<海参崴><日本>仅对苏联相邻，对<日本>发起1次陆战。,cards_sliced/sheet178_r2_c3.png,逐张
CORE,17824,178,2,4,苏德友好条约,EVENT,1,在<罗斯><东欧>征召陆军。,cards_sliced/sheet178_r2_c4.png,逐张
CORE,17825,178,2,5,铁托游击队,EVENT,1,在<巴尔干>消灭1支敌方国家陆军。在<巴尔干>征召英国或苏联陆军。,cards_sliced/sheet178_r2_c5.png,逐张
CORE,17826,178,2,6,西伯利亚运输,EVENT,1,在<西伯利亚>或相邻地区征召1支陆军。,cards_sliced/sheet178_r2_c6.png,逐张
CORE,17827,178,2,7,西伯利亚大铁路,EVENT,1,按任意顺序收回所有苏联陆军。按任意顺序建设这些陆军。,cards_sliced/sheet178_r2_c7.png,逐张
CORE,17828,178,2,8,百团大战,EVENT,1,中国在<中国>征召1支陆军。中国以此陆军发起1次陆战。,cards_sliced/sheet178_r2_c8.png,逐张
CORE,17829,178,2,9,毛泽东,EVENT,1,中国增加1支陆军后备。在<中国>之一放置1个计分标记。在<中国>之一消灭1支敌方国家陆军。,cards_sliced/sheet178_r2_c9.png,逐张
CORE,17830,178,3,0,保卫祖国,RESPONSE,1,回合开始时：在<莫斯科>或相邻地区征召1支陆军。在<莫斯科>消灭1支敌方国家陆军。,cards_sliced/sheet178_r3_c0.png,逐张
CORE,17831,178,3,1,撤退与整编,RESPONSE,1,<乌克兰><莫斯科>的苏联陆军被移除时：在<西伯利亚><中亚>征召陆军。,cards_sliced/sheet178_r3_c1.png,逐张
CORE,17832,178,3,2,列宁格勒保卫战,RESPONSE,1,<罗斯>的苏联陆军被移除时：使其在本回合中不会被移除。,cards_sliced/sheet178_r3_c2.png,逐张
CORE,17833,178,3,3,莫斯科保卫战,RESPONSE,1,<莫斯科>的苏联陆军被移除时：使其在本回合中不会被移除。,cards_sliced/sheet178_r3_c3.png,逐张
CORE,17834,178,3,4,湿季泥沼,RESPONSE,1,敌方国家在<莫斯科>或相邻地区建设陆军后：消灭该陆军。,cards_sliced/sheet178_r3_c4.png,逐张
CORE,17835,178,3,5,斯大林格勒保卫战,RESPONSE,1,<乌克兰>的苏联陆军被移除时：使其在本回合中不会被移除。,cards_sliced/sheet178_r3_c5.png,逐张
CORE,17836,178,3,6,无休止的扩张,RESPONSE,1,任意时机：使<西伯利亚><中亚>的苏联陆军在本回合内不会被移除。,cards_sliced/sheet178_r3_c6.png,逐张
CORE,17837,178,3,7,KV-2 重型坦克,RESPONSE,1,苏联陆军被攻击时：攻击国家选择 弃置4张手牌 或 使该陆军在本次战斗中不会被移除。,cards_sliced/sheet178_r3_c7.png,逐张
CORE,17838,178,3,8,什维尔尼克疏散委员会,STATUS,,苏联陆军总是处于补给状态。,cards_sliced/sheet178_r3_c8.png,逐张
CORE,17839,178,3,9,加盟国,STATUS,,计分阶段：<东欧><中亚><罗斯><乌克兰>每有1个被苏联控制，获得1分。,cards_sliced/sheet178_r3_c9.png,逐张
CORE,17840,178,4,0,焦土作战,STATUS,,<乌克兰>不为其他国家提供补给。<乌克兰>减少1个计分标记。,cards_sliced/sheet178_r4_c0.png,逐张
CORE,17841,178,4,1,近卫军,STATUS,,跳过出牌阶段行动，弃置2张手牌：打出1张弃牌堆中的[建设陆军]。,cards_sliced/sheet178_r4_c1.png,逐张
CORE,17842,178,4,2,喀秋莎,STATUS,,一回合一次，发起陆战后，可弃置1张手牌：对战斗地区发起1次陆战。,cards_sliced/sheet178_r4_c2.png,逐张
CORE,17843,178,4,3,量与质兼得,STATUS,,建设陆军后，可弃置1张[建设陆军]：建设1支陆军。,cards_sliced/sheet178_r4_c3.png,逐张
CORE,17844,178,4,4,女性义务兵役,STATUS,,出牌阶段，打出[建设陆军]后：可将该[建设陆军]置入手牌。,cards_sliced/sheet178_r4_c4.png,逐张
CORE,17845,178,4,5,迁都古比雪夫,STATUS,,苏联的大本营改为<西伯利亚>。<西伯利亚>成为仅对苏联的补给点并增加1个计分标记。<莫斯科>移除补给点和1个计分标记。,cards_sliced/sheet178_r4_c5.png,逐张
CORE,17846,178,4,6,坦克运输,STATUS,,建设陆军后，可弃置1张[建设陆军]或[发起陆战]：以此陆军发起1次陆战。,cards_sliced/sheet178_r4_c6.png,逐张
CORE,17847,178,4,7,消耗战,STATUS,,一回合一次，苏联[建设陆军]进入弃牌堆后：获得1分。,cards_sliced/sheet178_r4_c7.png,逐张
CORE,17848,178,4,8,正面攻击,STATUS,,一回合一次，发起陆战后，可弃置2张手牌：对战斗地区或相邻地区发起1次陆战。,cards_sliced/sheet178_r4_c8.png,逐张
CORE,17849,178,4,9,中国人民解放军,STATUS,,中国部队始终处于补给状态。跳过出牌阶段行动：在<中国><蒙古>之一征召中国陆军。,cards_sliced/sheet178_r4_c9.png,逐张
CORE,17850,178,5,0,大清洗,STATUS,,无法执行[资源再分配]。结束中立时：弃置此牌，可打出1张[状态卡]。,cards_sliced/sheet178_r5_c0.png,逐张
SUPP,17900,179,0,0,八月风暴,STATUS,,<中国东北>被友方国家攻击后，弃置1张[建设陆军]：在战斗地区征召苏联陆军，以此陆军发起1次陆战。,cards_sliced/sheet179_r0_c0.png,逐张
SUPP,17901,179,0,1,工业心脏,STATUS,,<罗斯>增加1个计分标记。一回合一次，在<罗斯>建设陆军后：在相邻地区建设1支陆军。,cards_sliced/sheet179_r0_c1.png,逐张
SUPP,17902,179,0,2,敌后游击队,RESPONSE,1,中国发起或被发起陆战后：中国在战斗地区征召陆军。,cards_sliced/sheet179_r0_c2.png,逐张
